
SET search_path TO trida, public;

INSERT INTO trida.clientes
    (id_cliente, id_banco, nombre_completo, email, telefono, fecha_registro, estado, pais, ciudad)
VALUES
    (1, 2, 'Valentina Ríos Herrera', 'v.rios@mailbox.co', '+57 312 845 6710', '2021-03-14 09:22:11', TRUE, 'Colombia', 'Bogotá'),
    (2, 3, 'Diego Armando Paredes', 'dparedes@correo.mx', '+52 55 1234 5678', '2020-07-08 14:05:33', FALSE, 'México', 'Ciudad de México'),
    (3, 4, 'Lucía Fernanda Morales', 'lucia.morales@email.ar', '+54 11 4567 8901', '2022-01-19 11:30:45', TRUE, 'Argentina', 'Buenos Aires'),
    (4, 5, 'Carlos Enrique Bustamante', 'cbustamante@net.pe', '+51 1 234 5678', '2019-11-02 08:15:00', TRUE, 'Perú', 'Lima'),
    (5, 6, 'Mariana Isabel Serrano', 'mserrano@inbox.cl', '+56 9 8765 4321', '2023-04-27 16:48:22', TRUE, 'Chile', 'Santiago'),
    (6, 7, 'Sebastián Gómez Ruiz', 'sgomez@webmail.co', '+57 300 111 2233', '2021-08-30 10:00:55', FALSE, 'Colombia', 'Medellín'),
    (7, 8, 'Paola Andrea Vega', 'paola.vega@mail.ve', '+58 414 555 6677', '2020-05-15 13:22:00', TRUE, 'Venezuela', 'Caracas'),
    (8, 9, 'Andrés Felipe Castillo', 'a.castillo@correo.ec', '+593 99 876 5432', '2022-09-03 07:45:18', TRUE, 'Ecuador', 'Quito'),
    (9, 10, 'Daniela Sofía Ramírez', 'danielar@inbox.bo', '+591 7 123 4567', '2023-01-11 15:30:09', FALSE, 'Bolivia', 'La Paz'),
    (10, 11, 'Miguel Ángel Torres', 'matorres@net.uy', '+598 91 234 567', '2021-06-20 09:55:44', TRUE, 'Uruguay', 'Montevideo'),
    (11, 12, 'Natalia Cristina López', 'nlopez@mailbox.py', '+595 981 234 567', '2022-03-08 12:10:30', TRUE, 'Paraguay', 'Asunción'),
    (12, 2, 'Julián Ernesto Vargas', 'jvargas@correo.cr', '+506 8888 9999', '2020-12-25 20:00:00', FALSE, 'Costa Rica', 'San José'),
    (13, 3, 'Andrea Milena Gutiérrez', 'agutierrez@mail.pa', '+507 6234 5678', '2021-04-17 08:30:22', TRUE, 'Panamá', 'Ciudad de Panamá'),
    (14, 4, 'Ricardo Alberto Mendoza', 'rmendoza@inbox.gt', '+502 5555 1234', '2023-07-02 17:14:55', TRUE, 'Guatemala', 'Ciudad de Guatemala'),
    (15, 5, 'Gabriela Paola Flores', 'gflores@net.hn', '+504 9876 5432', '2019-09-14 11:00:00', FALSE, 'Honduras', 'Tegucigalpa'),
    (16, 6, 'Fernando Luis Aguilar', 'faguilar@correo.sv', '+503 7890 1234', '2022-11-28 14:45:33', TRUE, 'El Salvador', 'San Salvador'),
    (17, 7, 'Stephanie Vanessa Cruz', 'scruz@mail.ni', '+505 8765 4321', '2021-02-09 09:10:07', TRUE, 'Nicaragua', 'Managua'),
    (18, 8, 'Alejandro José Reyes', 'areyes@inbox.do', '+1 809 234 5678', '2020-06-30 16:00:00', FALSE, 'República Dominicana', 'Santo Domingo'),
    (19, 9, 'Valeria Antonia Suárez', 'vsuarez@mailbox.cu', '+53 5 234 5678', '2023-02-18 10:22:44', TRUE, 'Cuba', 'La Habana'),
    (20, 10, 'Héctor Manuel Jiménez', 'hjimenez@correo.pr', '+1 787 555 9876', '2021-10-05 13:35:00', TRUE, 'Puerto Rico', 'San Juan'),
    (21, 11, 'Camila Beatriz Ortega', 'cortega@mail.co', '+57 315 678 9012', '2022-05-23 08:00:15', TRUE, 'Colombia', 'Cali'),
    (22, 12, 'Luis Eduardo Pizarro', 'lpizarro@inbox.mx', '+52 81 9988 7766', '2020-01-31 11:55:30', FALSE, 'México', 'Monterrey'),
    (23, 2, 'Renata Isabela Salcedo', 'rsalcedo@net.ar', '+54 351 234 5678', '2023-08-11 09:40:20', TRUE, 'Argentina', 'Córdoba'),
    (24, 3, 'Pablo Sebastián Herrera', 'pherrera@mailbox.pe', '+51 54 234 567', '2021-07-19 15:20:00', FALSE, 'Perú', 'Arequipa'),
    (25, 4, 'Isabella María Peña', 'ipeña@correo.cl', '+56 9 1111 2222', '2022-12-04 12:05:44', TRUE, 'Chile', 'Valparaíso'),
    (26, 5, 'Ernesto Fabián Díaz', 'ediaz@mail.ve', '+58 212 333 4455', '2019-04-22 07:30:00', TRUE, 'Venezuela', 'Maracaibo'),
    (27, 6, 'Laura Juliana Molina', 'lmolina@inbox.ec', '+593 2 345 6789', '2023-03-15 16:50:11', FALSE, 'Ecuador', 'Guayaquil'),
    (28, 7, 'Jonathan Alexander Quispe', 'jquispe@net.bo', '+591 4 567 8901', '2020-09-07 10:15:33', TRUE, 'Bolivia', 'Cochabamba'),
    (29, 8, 'Ana Paula Ramos', 'aramos@mailbox.uy', '+598 94 567 890', '2021-11-29 14:00:00', TRUE, 'Uruguay', 'Salto'),
    (30, 9, 'Cristian David Navarro', 'cnavarro@correo.py', '+595 982 345 678', '2022-06-10 08:45:22', FALSE, 'Paraguay', 'Ciudad del Este'),
    (31, 10, 'Sofía Alejandra Delgado', 'sdelgado@mail.cr', '+506 7777 8888', '2023-09-01 11:30:00', TRUE, 'Costa Rica', 'Cartago'),
    (32, 11, 'Manuel Antonio Espinoza', 'mespinoza@inbox.pa', '+507 6789 0123', '2020-03-18 09:20:55', TRUE, 'Panamá', 'Colón'),
    (33, 12, 'Priya Ramírez Kumar', 'pramirezkumar@net.co', '+57 301 234 5678', '2021-05-04 13:40:00', FALSE, 'Colombia', 'Barranquilla'),
    (34, 2, 'Elena Guadalupe Montes', 'emontes@correo.mx', '+52 33 5566 7788', '2022-10-17 10:55:11', TRUE, 'México', 'Guadalajara'),
    (35, 3, 'Roberto Ignacio Sánchez', 'rsanchez@mail.ar', '+54 261 345 6789', '2019-12-31 23:59:00', TRUE, 'Argentina', 'Mendoza'),
    (36, 4, 'Ximena Lorena Vásquez', 'xvasquez@inbox.pe', '+51 44 234 567', '2023-05-28 07:00:00', FALSE, 'Perú', 'Trujillo'),
    (37, 5, 'Ariel Maximiliano Cuevas', 'acuevas@mailbox.cl', '+56 9 3333 4444', '2021-01-08 12:30:45', TRUE, 'Chile', 'Concepción'),
    (38, 6, 'Patricia Elisa Zambrano', 'pzambrano@correo.ve', '+58 261 444 5566', '2020-08-23 15:15:00', TRUE, 'Venezuela', 'Valencia'),
    (39, 7, 'Marco Antonio Cevallos', 'mcevallos@mail.ec', '+593 7 456 7890', '2022-02-14 09:00:00', TRUE, 'Ecuador', 'Cuenca'),
    (40, 8, 'Alejandra Fabiola Ríos', 'afrios@inbox.bo', '+591 3 678 9012', '2023-06-06 14:25:38', FALSE, 'Bolivia', 'Santa Cruz'),
    (41, 9, 'Jhonatan Stiven Mora', 'jmora@net.co', '+57 318 901 2345', '2020-04-11 08:10:00', TRUE, 'Colombia', 'Pereira'),
    (42, 10, 'Fernanda Kristel Vidal', 'fvidal@mailbox.mx', '+52 664 1234 5678', '2021-09-25 11:45:22', FALSE, 'México', 'Tijuana'),
    (43, 11, 'Gabriel Ignacio Ponce', 'gponce@correo.ar', '+54 11 2222 3333', '2022-07-03 10:00:00', TRUE, 'Argentina', 'Rosario'),
    (44, 12, 'Carmen Rosa Huanca', 'chuanca@mail.pe', '+51 84 345 678', '2019-06-17 16:30:00', TRUE, 'Perú', 'Cusco'),
    (45, 2, 'Nicolás Emilio Bravo', 'nbravo@inbox.cl', '+56 9 5555 6666', '2023-10-20 09:15:00', TRUE, 'Chile', 'Antofagasta'),
    (46, 3, 'Melissa Andrea Campos', 'mcampos@mailbox.ve', '+58 414 678 9900', '2021-12-12 12:00:00', FALSE, 'Venezuela', 'Barquisimeto'),
    (47, 4, 'David Esteban Rueda', 'drueda@net.ec', '+593 6 567 8901', '2020-02-29 10:30:44', TRUE, 'Ecuador', 'Manta'),
    (48, 5, 'Verónica Patricia Fuentes', 'vfuentes@correo.bo', '+591 2 789 0123', '2022-08-08 08:00:00', TRUE, 'Bolivia', 'Oruro'),
    (49, 6, 'Santiago Esteban Peralta', 'speralta@mail.uy', '+598 96 789 012', '2023-11-01 13:45:00', FALSE, 'Uruguay', 'Paysandú'),
    (50, 7, 'Tatiana Rocío Cabrera', 'tcabrera@inbox.py', '+595 983 456 789', '2021-03-22 07:55:33', TRUE, 'Paraguay', 'Encarnación'),
    (51, 8, 'Rodrigo Andrés Montoya', 'rmontoya@net.cr', '+506 6666 7777', '2020-10-30 14:20:00', TRUE, 'Costa Rica', 'Heredia'),
    (52, 9, 'María Claudia Pineda', 'mpineda@mailbox.pa', '+507 6890 1234', '2022-04-05 09:30:11', FALSE, 'Panamá', 'David'),
    (53, 10, 'Felipe Augusto Cardona', 'fcardona@correo.co', '+57 320 345 6789', '2023-12-15 11:00:55', TRUE, 'Colombia', 'Bucaramanga'),
    (54, 11, 'Rebeca Lorena Trujillo', 'rtrujillo@mail.mx', '+52 222 3344 5566', '2019-08-20 10:10:00', TRUE, 'México', 'Puebla'),
    (55, 12, 'Emilio Raúl Acosta', 'eacosta@inbox.ar', '+54 387 456 7890', '2021-06-14 15:00:00', FALSE, 'Argentina', 'Salta'),
    (56, 2, 'Claudia Marisol Quispe', 'cquispe@net.pe', '+51 74 345 678', '2022-09-28 08:30:22', TRUE, 'Perú', 'Piura'),
    (57, 3, 'Tomás Alejandro Vera', 'tvera@mailbox.cl', '+56 9 7777 8888', '2020-05-03 12:15:44', TRUE, 'Chile', 'Temuco'),
    (58, 4, 'Adriana Beatriz Lucena', 'alucena@correo.ve', '+58 212 555 6677', '2023-01-27 09:45:00', TRUE, 'Venezuela', 'Petare'),
    (59, 5, 'Leonardo José Varela', 'lvarela@mail.ec', '+593 9 678 9012', '2021-07-08 14:50:33', FALSE, 'Ecuador', 'Loja'),
    (60, 6, 'Daniela Fernanda Ticona', 'dticona@inbox.bo', '+591 6 890 1234', '2022-11-11 11:11:11', TRUE, 'Bolivia', 'Potosí'),
    (61, 7, 'Kevin Alexander Méndez', 'kmendez@net.uy', '+598 98 901 234', '2020-07-25 13:00:00', FALSE, 'Uruguay', 'Maldonado'),
    (62, 8, 'Beatriz Inés Godoy', 'bgodoy@mailbox.py', '+595 984 567 890', '2021-04-30 10:30:00', TRUE, 'Paraguay', 'Villarrica'),
    (63, 9, 'Jorge Arturo Guerrero', 'jguerrero@correo.cr', '+506 5555 4444', '2023-02-22 08:15:44', TRUE, 'Costa Rica', 'Liberia'),
    (64, 10, 'Alejandra Pilar León', 'aleon@mail.pa', '+507 6901 2345', '2019-10-10 09:00:00', FALSE, 'Panamá', 'La Chorrera'),
    (65, 11, 'Harold Steven Prado', 'hprado@inbox.co', '+57 304 456 7890', '2022-06-18 16:30:00', TRUE, 'Colombia', 'Manizales'),
    (66, 12, 'Ingrid Valentina Lozano', 'ilozano@net.mx', '+52 614 5566 7788', '2021-08-14 11:20:00', TRUE, 'México', 'Chihuahua'),
    (67, 2, 'Mauricio Rafael Blanco', 'mblanco@mailbox.ar', '+54 11 4444 5555', '2020-03-05 07:45:00', FALSE, 'Argentina', 'La Plata'),
    (68, 3, 'Sandra Elizabeth Paredes', 'separedes@correo.pe', '+51 1 456 7890', '2023-07-14 10:55:22', TRUE, 'Perú', 'Iquitos'),
    (69, 4, 'Álvaro Camilo Núñez', 'anuñez@mail.cl', '+56 9 9999 0000', '2021-02-28 14:10:00', TRUE, 'Chile', 'Iquique'),
    (70, 5, 'Rosana Luisana Bermúdez', 'rbermudez@inbox.ve', '+58 414 901 2233', '2022-10-03 08:40:00', FALSE, 'Venezuela', 'San Cristóbal'),
    (71, 6, 'Iván Darío Estrada', 'iestrada@net.ec', '+593 4 789 0123', '2020-12-19 12:25:00', TRUE, 'Ecuador', 'Esmeraldas'),
    (72, 7, 'Katherine Alexandra Zapata', 'kzapata@mailbox.bo', '+591 8 901 2345', '2021-05-17 09:05:00', TRUE, 'Bolivia', 'Sucre'),
    (73, 8, 'Diego Nicolás Robledo', 'drobledo@correo.uy', '+598 99 012 345', '2023-03-08 15:35:44', FALSE, 'Uruguay', 'Rivera'),
    (74, 9, 'Gloria Esperanza Medina', 'gmedina@mail.py', '+595 985 678 901', '2019-07-04 13:00:00', TRUE, 'Paraguay', 'Concepción'),
    (75, 10, 'Brayan Camilo Betancur', 'bbetancur@inbox.cr', '+506 4444 3333', '2022-12-30 09:50:11', TRUE, 'Costa Rica', 'Alajuela'),
    (76, 11, 'Nancy Vanessa Restrepo', 'nrestrepo@net.co', '+57 316 789 0123', '2021-10-21 11:00:00', FALSE, 'Colombia', 'Cartagena'),
    (77, 12, 'Javier Mauricio Santos', 'jsantos@mailbox.mx', '+52 998 6677 8899', '2020-06-02 08:30:00', TRUE, 'México', 'Cancún'),
    (78, 2, 'Luisa Marcela Orozco', 'lorozco@correo.ar', '+54 11 6666 7777', '2023-04-11 16:00:00', TRUE, 'Argentina', 'Mar del Plata'),
    (79, 3, 'Ernesto Raúl Ccopa', 'eccopa@mail.pe', '+51 54 567 890', '2021-09-15 10:45:00', FALSE, 'Perú', 'Puno'),
    (80, 4, 'Valentina Paz Ibarra', 'vibarra@inbox.cl', '+56 9 2222 3333', '2022-07-22 09:20:00', TRUE, 'Chile', 'La Serena'),
    (81, 5, 'Ramón Aurelio Prieto', 'rprieto@mailbox.ve', '+58 261 567 8899', '2020-11-14 14:10:44', TRUE, 'Venezuela', 'Maturín'),
    (82, 6, 'Adriana Carolina Mora', 'acmora@correo.ec', '+593 2 890 1234', '2023-08-25 08:05:33', FALSE, 'Ecuador', 'Ambato'),
    (83, 7, 'Sergio Iván Chávez', 'schavez@mail.bo', '+591 4 012 3456', '2021-01-30 12:40:00', TRUE, 'Bolivia', 'Trinidad'),
    (84, 8, 'Karina Soledad Leiva', 'kleiva@inbox.uy', '+598 93 123 456', '2022-05-05 11:15:22', TRUE, 'Uruguay', 'Melo'),
    (85, 9, 'Wilmer Humberto Rojas', 'wrojas@net.py', '+595 986 789 012', '2019-11-28 07:30:00', FALSE, 'Paraguay', 'Pilar'),
    (86, 10, 'Nathalia Jimena Cáceres', 'ncaceres@mailbox.cr', '+506 3333 2222', '2023-09-18 13:00:00', TRUE, 'Costa Rica', 'Puntarenas'),
    (87, 11, 'Alfonso Rodrigo Becerra', 'abecerra@correo.co', '+57 322 890 1234', '2020-04-07 09:30:44', TRUE, 'Colombia', 'Santa Marta'),
    (88, 12, 'Denisse Gabriela Palacios', 'dpalacios@mail.mx', '+52 442 7788 9900', '2021-07-30 15:45:00', FALSE, 'México', 'Querétaro'),
    (89, 2, 'Emmanuel Fabio Giménez', 'egimenez@inbox.ar', '+54 381 567 8901', '2022-03-20 10:20:00', TRUE, 'Argentina', 'Tucumán'),
    (90, 3, 'Rosa Elena Llanos', 'rllanos@net.pe', '+51 76 678 901', '2023-06-30 08:55:00', TRUE, 'Perú', 'Cajamarca'),
    (91, 4, 'Matías Emilio Carrasco', 'mcarrasco@mailbox.cl', '+56 9 4444 5555', '2020-09-16 12:00:00', FALSE, 'Chile', 'Coquimbo'),
    (92, 5, 'Erika Vanesa Pulido', 'epulido@correo.ve', '+58 212 678 9900', '2021-11-08 09:35:00', TRUE, 'Venezuela', 'Maracay'),
    (93, 6, 'Oscar Hernán Guerrero', 'oguerrero@mail.ec', '+593 7 901 2345', '2022-04-14 14:00:00', TRUE, 'Ecuador', 'Santo Domingo'),
    (94, 7, 'Luz Marina Villalobos', 'lvillalobos@inbox.bo', '+591 2 234 5678', '2019-05-09 10:00:00', FALSE, 'Bolivia', 'Tarija'),
    (95, 8, 'Christian Paul Soto', 'csoto@net.uy', '+598 97 234 567', '2023-10-07 11:30:00', TRUE, 'Uruguay', 'Durazno'),
    (96, 9, 'Juliana Marcela Báez', 'jbaez@mailbox.py', '+595 987 890 123', '2021-06-26 08:20:00', TRUE, 'Paraguay', 'Pedro Juan Caballero'),
    (97, 10, 'Mario Alberto Cordero', 'mcordero@correo.cr', '+506 2222 1111', '2020-08-11 16:45:33', FALSE, 'Costa Rica', 'Pérez Zeledón'),
    (98, 11, 'Lina Alejandra Meza', 'lmeza@mail.co', '+57 314 901 2345', '2022-02-01 09:10:00', TRUE, 'Colombia', 'Neiva'),
    (99, 12, 'Hugo Arturo Sandoval', 'hsandoval@inbox.mx', '+52 477 8899 0011', '2023-11-22 12:30:44', TRUE, 'México', 'León'),
    (100, 2, 'Paola Estefanía Cruz', 'pecruz@net.ar', '+54 299 678 9012', '2021-04-03 10:00:00', FALSE, 'Argentina', 'Neuquén'),
    (101, 3, 'Wilson Fabian Saravia', 'wsaravia@mailbox.pe', '+51 65 789 012', '2020-10-28 13:15:00', TRUE, 'Perú', 'Tarapoto'),
    (102, 4, 'Vanessa Michelle Torres', 'vmtorres@correo.cl', '+56 9 6666 7777', '2022-08-17 08:45:00', TRUE, 'Chile', 'Rancagua'),
    (103, 5, 'Rafael Enrique Márquez', 'rmarquez@mail.ve', '+58 414 234 5566', '2023-01-05 14:20:00', FALSE, 'Venezuela', 'Punto Fijo'),
    (104, 6, 'Paula Natalia Andrade', 'pandrade@inbox.ec', '+593 4 012 3456', '2021-12-31 23:00:00', TRUE, 'Ecuador', 'Portoviejo'),
    (105, 7, 'Álvaro Sebastián Condori', 'acondori@net.bo', '+591 3 456 7890', '2020-06-13 11:00:00', TRUE, 'Bolivia', 'Quillacollo'),
    (106, 8, 'Marcela Fernanda Ferreira', 'mferreira@mailbox.uy', '+598 92 345 678', '2022-12-08 09:30:00', FALSE, 'Uruguay', 'Tacuarembó'),
    (107, 9, 'Alexander Josué Pedraza', 'apedraza@correo.py', '+595 988 901 234', '2023-03-29 15:10:00', TRUE, 'Paraguay', 'Fernando de la Mora'),
    (108, 10, 'Jennifer Tatiana Hidalgo', 'jhidalgo@mail.cr', '+506 1111 0000', '2019-09-01 08:00:00', TRUE, 'Costa Rica', 'Nicoya'),
    (109, 11, 'Jhon Jairo Restrepo', 'jjrestrepo@inbox.co', '+57 317 012 3456', '2021-08-07 10:40:00', FALSE, 'Colombia', 'Armenia'),
    (110, 12, 'Griselda Amalia Fuente', 'gfuente@net.mx', '+52 81 2233 4455', '2022-05-25 12:15:00', TRUE, 'México', 'Monterrey'),
    (111, 2, 'Raúl Efraín Palomino', 'rpalomino@mailbox.ar', '+54 266 789 0123', '2020-02-14 07:00:00', TRUE, 'Argentina', 'San Luis'),
    (112, 3, 'Stephanie Paola Vásquez', 'spvasquez@correo.pe', '+51 72 890 123', '2023-07-19 11:50:00', FALSE, 'Perú', 'Chiclayo'),
    (113, 4, 'Cristóbal Nicolás Henríquez', 'chenriquez@mail.cl', '+56 9 8888 9999', '2021-10-12 13:05:00', TRUE, 'Chile', 'Puerto Montt'),
    (114, 5, 'Adriana Yelena Díaz', 'ayd@inbox.ve', '+58 261 789 0011', '2020-07-01 09:50:22', TRUE, 'Venezuela', 'Barinas'),
    (115, 6, 'Álvaro Freddy Vaca', 'afvaca@net.bo', '+591 4 678 9012', '2022-09-14 08:20:00', FALSE, 'Bolivia', 'Yacuiba'),
    (116, 7, 'Lorena Vanessa Mejía', 'lmejia@mailbox.co', '+57 319 123 4567', '2023-12-01 10:00:00', TRUE, 'Colombia', 'Ibagué'),
    (117, 8, 'Bruno Alessandro Romano', 'bromano@correo.mx', '+52 55 9988 7766', '2021-03-31 14:30:44', TRUE, 'México', 'Ciudad de México'),
    (118, 9, 'Jesica Lorena Altamirano', 'jaltamirano@mail.ar', '+54 341 890 1234', '2020-11-20 12:45:00', FALSE, 'Argentina', 'Rosario'),
    (119, 10, 'Victor Manuel Cueva', 'vcueva@inbox.pe', '+51 74 901 234', '2022-06-07 09:15:00', TRUE, 'Perú', 'Huancayo'),
    (120, 11, 'Yasmin Alejandra Robles', 'yrobles@net.cl', '+56 9 0000 1111', '2023-04-04 16:40:00', TRUE, 'Chile', 'Talca'),
    (121, 12, 'Elías Roberto Castilla', 'ecastilla@mailbox.ve', '+58 212 890 0011', '2019-12-05 08:30:00', FALSE, 'Venezuela', 'Los Teques'),
    (122, 2, 'Paola Cristina Vera', 'pcvera@correo.ec', '+593 6 123 4567', '2021-05-20 11:10:00', TRUE, 'Ecuador', 'Ibarra'),
    (123, 3, 'Juan Carlos Quisbert', 'jcquisbert@mail.bo', '+591 2 890 1234', '2022-10-28 10:00:00', TRUE, 'Bolivia', 'El Alto'),
    (124, 4, 'María Teresa Silveira', 'mtsilveira@inbox.uy', '+598 95 456 789', '2020-03-25 13:20:00', FALSE, 'Uruguay', 'Colonia del Sacramento'),
    (125, 5, 'Paulo Adrián Galeano', 'pgaleano@net.py', '+595 989 012 345', '2023-08-14 09:00:00', TRUE, 'Paraguay', 'Luque'),
    (126, 6, 'Shirley Marcela Solano', 'ssolano@mailbox.cr', '+506 9999 8888', '2021-09-10 15:25:00', TRUE, 'Costa Rica', 'Limón'),
    (127, 7, 'Óscar Iván Chaparro', 'ochaparro@correo.co', '+57 323 234 5678', '2020-05-19 08:00:44', FALSE, 'Colombia', 'Pasto'),
    (128, 8, 'Carmen Patricia Lemus', 'clemus@mail.mx', '+52 33 4455 6677', '2022-01-30 12:00:00', TRUE, 'México', 'Guadalajara'),
    (129, 9, 'Alejandro Hernán Molina', 'amolina@inbox.ar', '+54 11 8888 9999', '2023-05-09 10:30:00', TRUE, 'Argentina', 'Buenos Aires'),
    (130, 10, 'Priscila Antonia Choque', 'pchoque@net.pe', '+51 51 012 345', '2021-11-04 07:45:00', FALSE, 'Perú', 'Tacna'),
    (131, 11, 'Nicolás Andrés Pino', 'napino@mailbox.cl', '+56 9 1234 0000', '2022-07-12 14:00:00', TRUE, 'Chile', 'Chillán'),
    (132, 12, 'María Angélica Villasmil', 'mavillasmil@correo.ve', '+58 414 901 1122', '2019-03-16 11:30:00', TRUE, 'Venezuela', 'Mérida'),
    (133, 2, 'Edwin Fabián Cadena', 'ecadena@mail.ec', '+593 3 234 5678', '2023-09-27 09:10:00', FALSE, 'Ecuador', 'Riobamba'),
    (134, 3, 'Yadira Mercedes Apaza', 'yapaza@inbox.bo', '+591 3 012 3456', '2021-02-17 12:00:00', TRUE, 'Bolivia', 'Montero'),
    (135, 4, 'Ricardo Antonio Bentancur', 'rbentancur@net.uy', '+598 91 567 890', '2020-08-04 10:45:22', TRUE, 'Uruguay', 'Artigas'),
    (136, 5, 'Liliana Estefanía Cardozo', 'lcardozo@mailbox.py', '+595 990 123 456', '2022-04-24 08:30:00', FALSE, 'Paraguay', 'Caaguazú'),
    (137, 6, 'Eduardo José Chavarría', 'echavarria@correo.cr', '+506 8888 7777', '2023-10-31 13:15:44', TRUE, 'Costa Rica', 'Grecia'),
    (138, 7, 'Adriana Milena Palomino', 'ampalomino@mail.co', '+57 325 345 6789', '2020-01-15 09:00:00', TRUE, 'Colombia', 'Montería'),
    (139, 8, 'Susana Guadalupe Espino', 'sespino@inbox.mx', '+52 614 9900 1122', '2021-06-22 14:50:00', FALSE, 'México', 'Hermosillo'),
    (140, 9, 'Federico Luis Moran', 'fmoran@net.ar', '+54 11 1010 2020', '2022-11-05 11:35:00', TRUE, 'Argentina', 'Buenos Aires'),
    (141, 10, 'Claudia Patricia Campos', 'cpocampos@mailbox.pe', '+51 84 123 456', '2023-01-18 08:20:00', TRUE, 'Perú', 'Cusco'),
    (142, 11, 'Mauricio Rodrigo Salinas', 'mrsalinas@correo.cl', '+56 9 5678 0000', '2020-04-21 15:30:00', FALSE, 'Chile', 'Calama'),
    (143, 12, 'Nora Josefina Inciarte', 'ninciarte@mail.ve', '+58 261 012 1233', '2021-07-16 10:05:00', TRUE, 'Venezuela', 'Coro'),
    (144, 2, 'Jhonny Hernán Pilco', 'jpilco@inbox.ec', '+593 9 345 6789', '2022-09-22 09:45:00', TRUE, 'Ecuador', 'Machala'),
    (145, 3, 'Sonia Beatriz Nina', 'snina@net.bo', '+591 4 234 5679', '2023-06-16 12:55:22', FALSE, 'Bolivia', 'Riberalta'),
    (146, 4, 'Gabriel Esteban Suárez', 'gesuarez@mailbox.uy', '+598 98 678 901', '2019-08-30 11:00:00', TRUE, 'Uruguay', 'Fray Bentos'),
    (147, 5, 'Ivana Paola Ferreira', 'ipferreira@correo.py', '+595 991 234 567', '2021-10-28 08:10:00', TRUE, 'Paraguay', 'Lambaré'),
    (148, 6, 'Luis Carlos Ulate', 'lculate@mail.cr', '+506 7777 6666', '2020-07-09 13:40:00', FALSE, 'Costa Rica', 'Turrialba'),
    (149, 7, 'Paola Biviana Contreras', 'pbcontreras@inbox.co', '+57 310 456 7890', '2022-03-14 10:10:00', TRUE, 'Colombia', 'Valledupar'),
    (150, 8, 'Rodrigo Alonso Figueroa', 'rafigueroa@net.mx', '+52 222 1122 3344', '2023-07-31 09:00:00', TRUE, 'México', 'Puebla'),
    (151, 9, 'Eliana Beatriz Funes', 'efunes@mailbox.ar', '+54 351 901 2345', '2021-12-19 11:20:00', FALSE, 'Argentina', 'Córdoba'),
    (152, 10, 'Jhon Alexander Gómez', 'jagomez@correo.pe', '+51 74 234 567', '2020-09-24 08:50:00', TRUE, 'Perú', 'Huánuco'),
    (153, 11, 'Tamara Alejandra Figueroa', 'tafigueroa@mail.cl', '+56 9 2345 6789', '2022-06-29 14:15:00', TRUE, 'Chile', 'Osorno'),
    (154, 12, 'Ángel David Torrealba', 'atorrealba@inbox.ve', '+58 212 123 4455', '2023-02-10 09:30:00', FALSE, 'Venezuela', 'Ciudad Bolívar'),
    (155, 2, 'Silvana Lorena Pinos', 'slpinos@net.ec', '+593 7 456 7891', '2021-04-25 12:20:00', TRUE, 'Ecuador', 'Tulcán'),
    (156, 3, 'Ronald Armando Flores', 'raflores@mailbox.bo', '+591 2 345 6789', '2020-12-10 10:00:00', TRUE, 'Bolivia', 'Warnes'),
    (157, 4, 'Magaly Esperanza Sousa', 'mesousa@correo.uy', '+598 96 789 012', '2022-10-11 08:40:00', FALSE, 'Uruguay', 'Mercedes'),
    (158, 5, 'Santiago Agustín Sosa', 'sasosa@mail.py', '+595 992 345 678', '2023-11-18 15:00:00', TRUE, 'Paraguay', 'San Lorenzo'),
    (159, 6, 'Mariana del Rocío Espinoza', 'mrde@inbox.cr', '+506 6666 5555', '2019-06-23 11:45:00', TRUE, 'Costa Rica', 'Cañas'),
    (160, 7, 'Rodrigo Ernesto Cano', 'recano@net.co', '+57 321 567 8901', '2021-08-18 10:30:00', FALSE, 'Colombia', 'Popayán'),
    (161, 8, 'Jessica Carolina Díaz', 'jcdiaz@mailbox.mx', '+52 667 2233 4455', '2022-04-30 09:00:00', TRUE, 'México', 'Culiacán'),
    (162, 9, 'Fabio Emiliano Aguirre', 'feaguirre@correo.ar', '+54 11 3030 4040', '2020-06-08 13:00:00', TRUE, 'Argentina', 'Buenos Aires'),
    (163, 10, 'Rosario Inés Vargas', 'rivargas@mail.pe', '+51 1 345 6789', '2023-08-06 08:10:44', FALSE, 'Perú', 'Lima'),
    (164, 11, 'Luis Felipe Meza', 'lfmeza@inbox.cl', '+56 9 3456 7890', '2021-11-23 14:45:00', TRUE, 'Chile', 'Copiapó'),
    (165, 12, 'Carolina Alejandra Boscán', 'cboscan@net.ve', '+58 414 234 5677', '2020-03-31 10:20:00', TRUE, 'Venezuela', 'Cabimas'),
    (166, 2, 'Adriana Paola Barreto', 'apbarreto@mailbox.ec', '+593 4 567 8902', '2022-12-21 09:05:00', FALSE, 'Ecuador', 'Durán'),
    (167, 3, 'Freddy Alexander Villca', 'favillca@correo.bo', '+591 3 567 8901', '2023-09-09 11:30:00', TRUE, 'Bolivia', 'Cobija'),
    (168, 4, 'Diana Laura Núñez', 'dlnunez@mail.uy', '+598 94 890 123', '2021-06-03 08:00:00', TRUE, 'Uruguay', 'Rocha'),
    (169, 5, 'Ariel Darío Paredes', 'adparedes@inbox.py', '+595 993 456 789', '2020-10-17 12:30:44', FALSE, 'Paraguay', 'Villa del Rosario'),
    (170, 6, 'Catalina Jimena Salas', 'cjsalas@net.cr', '+506 5555 4444', '2022-01-13 10:45:00', TRUE, 'Costa Rica', 'Palmares'),
    (171, 7, 'Diego Armando Zuluaga', 'dazuluaga@mailbox.co', '+57 311 678 9012', '2023-12-29 13:10:00', TRUE, 'Colombia', 'Villavicencio'),
    (172, 8, 'Verónica Luisa Aguilera', 'vlaguilera@correo.mx', '+52 55 7788 9900', '2019-04-08 09:30:00', FALSE, 'México', 'Ciudad de México'),
    (173, 9, 'Daniela Romina Ferreyra', 'drferreyra@mail.ar', '+54 11 5050 6060', '2021-09-28 11:00:00', TRUE, 'Argentina', 'Buenos Aires'),
    (174, 10, 'Edinson Junior Yauri', 'ejyauri@inbox.pe', '+51 84 456 789', '2022-07-08 08:30:00', TRUE, 'Perú', 'Ayacucho'),
    (175, 11, 'Sebastián Andrés Moya', 'samoya@net.cl', '+56 9 4567 8901', '2020-11-02 14:00:00', FALSE, 'Chile', 'Valdivia'),
    (176, 12, 'Yulexi Mariangel Bravo', 'ymbr@mailbox.ve', '+58 212 345 5566', '2023-03-25 09:55:00', TRUE, 'Venezuela', 'Guatire'),
    (177, 2, 'Mayra Alejandra Chiriboga', 'machiri@correo.ec', '+593 2 678 9013', '2021-07-27 12:10:00', TRUE, 'Ecuador', 'Latacunga'),
    (178, 3, 'Boris Daniel Mamani', 'bdmamani@mail.bo', '+591 4 789 0123', '2022-11-17 10:30:00', FALSE, 'Bolivia', 'Camiri'),
    (179, 4, 'Claudia Alejandra Pena', 'capena@inbox.uy', '+598 99 901 234', '2023-01-24 08:15:00', TRUE, 'Uruguay', 'Trinidad'),
    (180, 5, 'Mirna Concepción González', 'mcgonzalez@net.py', '+595 994 567 890', '2020-05-30 15:20:00', TRUE, 'Paraguay', 'Mariano Roque Alonso'),
    (181, 6, 'Carlos Adalberto Ureña', 'caurena@mailbox.cr', '+506 4444 3333', '2022-08-03 09:40:00', FALSE, 'Costa Rica', 'Siquirres'),
    (182, 7, 'Tatiana Lorena Salazar', 'tlsalazar@correo.co', '+57 312 789 0123', '2023-06-22 11:00:00', TRUE, 'Colombia', 'Sincelejo'),
    (183, 8, 'Jorge Emilio Ávila', 'jeavila@mail.mx', '+52 81 3344 5566', '2021-04-10 10:10:00', TRUE, 'México', 'Monterrey'),
    (184, 9, 'Romina Guadalupe Pérez', 'rgperez@inbox.ar', '+54 11 7070 8080', '2020-09-05 13:30:00', FALSE, 'Argentina', 'Buenos Aires'),
    (185, 10, 'Kevin Ronaldo Caman', 'krcaman@net.pe', '+51 65 567 890', '2022-03-27 08:45:00', TRUE, 'Perú', 'Pucallpa'),
    (186, 11, 'Soledad Camila Berríos', 'scberrios@mailbox.cl', '+56 9 5678 1234', '2023-10-14 12:35:00', TRUE, 'Chile', 'Arica'),
    (187, 12, 'Jesús Alberto Nava', 'janava@correo.ve', '+58 414 456 6677', '2019-07-19 11:15:00', FALSE, 'Venezuela', 'Puerto La Cruz'),
    (188, 2, 'Margarita del Carmen Tello', 'mctello@mail.ec', '+593 9 789 0124', '2021-12-07 09:00:00', TRUE, 'Ecuador', 'Milagro'),
    (189, 3, 'Hugo Ramón Sibauti', 'hrsibauti@inbox.bo', '+591 2 456 7890', '2022-06-20 14:50:00', TRUE, 'Bolivia', 'Guayaramerín'),
    (190, 4, 'Rossana Paola Andrade', 'rpandrade@net.uy', '+598 93 012 345', '2020-12-28 10:25:00', FALSE, 'Uruguay', 'Young'),
    (191, 5, 'Juan Martín Cáceres', 'jmcaceres@mailbox.py', '+595 995 678 901', '2023-04-18 08:00:00', TRUE, 'Paraguay', 'Presidente Franco'),
    (192, 6, 'Alexa Marcela Rojas', 'amarojas@correo.cr', '+506 3333 2222', '2021-08-24 13:30:00', TRUE, 'Costa Rica', 'La Unión'),
    (193, 7, 'Harold Alexis Patiño', 'hapatiño@mail.co', '+57 313 890 1234', '2020-02-06 09:15:00', FALSE, 'Colombia', 'Riohacha'),
    (194, 8, 'Andrea Stephany Rubio', 'asrubio@inbox.mx', '+52 229 4455 6677', '2022-09-07 11:45:00', TRUE, 'México', 'Veracruz'),
    (195, 9, 'Dario Ezequiel Ledesma', 'deledesma@net.ar', '+54 11 9090 1010', '2023-07-26 10:05:00', TRUE, 'Argentina', 'Buenos Aires'),
    (196, 10, 'Ingrid Carolina Tanta', 'ictanta@mailbox.pe', '+51 76 678 902', '2021-10-16 08:35:00', FALSE, 'Perú', 'Cajamarca'),
    (197, 11, 'Felipe Alejandro Ugarte', 'faugarte@correo.cl', '+56 9 6789 2345', '2022-05-13 14:25:00', TRUE, 'Chile', 'Punta Arenas'),
    (198, 12, 'Isabel Cristina Palmar', 'icpalmar@mail.ve', '+58 261 567 7788', '2020-07-22 10:50:00', TRUE, 'Venezuela', 'El Tigre'),
    (199, 2, 'Jhon Edison Tobar', 'jetobar@inbox.ec', '+593 6 890 1235', '2023-02-03 09:20:00', FALSE, 'Ecuador', 'Quevedo'),
    (200, 3, 'Renata Soledad Vázquez', 'rsvazquez@net.bo', '+591 3 678 9013', '2021-05-11 11:55:00', TRUE, 'Bolivia', 'Bermejo');

INSERT INTO trida.usuarios_sistemas
    (id_usuario, nombre_completo, email, password_hash, rol,
     fecha_creacion, ultimo_acceso, estado, id_usuario_generador)
VALUES
    (1, 'Carlos Andrés Ramírez López', 'carlos.ramirez@admin.com', '$2a$12$w16Wo/hPchHxzTlY0F3q/uHnYeDxhjTKG2aw8ZwHbKsAm6/mKhTxe', 'ADMINISTRADOR', '2022-01-15 08:30:00', '2025-04-09 23:45:12', TRUE, NULL),
    (2, 'María Fernanda González Vargas', 'maria.gonzalez@usuario.com', '$2a$12$xM3ST1nOyOOCzRMCKAShDOS4/eDRoh2DHedtJJIneRXQxXF4zw6D2', 'OPERADOR', '2022-03-22 10:15:00', '2025-04-08 14:20:33', TRUE, 1),
    (3, 'Juan Pablo Rodríguez Castro', 'jp.rodriguez@moderador.com', '$2a$12$BjzLB3H3chOzw9uCConngOZCGZ2wHoUsUpHmLiOD3wsRyB0N5fA/G', 'ANALISTA', '2022-05-10 09:45:00', '2025-04-10 01:10:55', TRUE, 1),
    (4, 'Laura Valentina Soto Mendoza', 'laura.soto@soporte.com', '$2a$12$8tF2mUCYXP.VbHFqCnyfN.//MqytPlClhGMq1nCboBXEuD7H9oGB.', 'OPERADOR', '2022-07-05 11:20:00', '2025-04-07 18:35:20', TRUE, 2),
    (5, 'Diego Alejandro Martínez Ruiz', 'diego.martinez@gerente.com', '$2a$12$8tF2mUCYXP.VbHFqCnyfN.//MqytPlClhGMq1nCboBXEuD7H9oGB.', 'AUDITOR', '2022-09-18 08:00:00', '2025-04-09 20:15:40', TRUE, 1),
    (6, 'Camila Andrea Torres Pineda', 'camila.torres@usuario.com', '$2a$12$8tF2mUCYXP.VbHFqCnyfN.//MqytPlClhGMq1nCboBXEuD7H9oGB.', 'OPERADOR', '2022-11-30 14:35:00', '2025-04-06 09:55:10', TRUE, 3),
    (7, 'Sebastián David Herrera López', 'sebastian.herrera@admin.com', '$2a$12$8tF2mUCYXP.VbHFqCnyfN.//MqytPlClhGMq1nCboBXEuD7H9oGB.', 'ADMINISTRADOR', '2023-01-12 07:50:00', '2025-04-10 00:30:25', TRUE, 1),
    (8, 'Valentina Sofía Morales Castro', 'valentina.morales@usuario.com', '$2a$12$8tF2mUCYXP.VbHFqCnyfN.//MqytPlClhGMq1nCboBXEuD7H9oGB.', 'OPERADOR', '2023-02-28 16:10:00', NULL, FALSE, 2),
    (9, 'Andrés Felipe Castro Gómez', 'andres.castro@moderador.com', '$2a$12$8tF2mUCYXP.VbHFqCnyfN.//MqytPlClhGMq1nCboBXEuD7H9oGB.', 'ANALISTA', '2023-04-15 10:25:00', '2025-04-09 17:40:50', TRUE, 1),
    (10, 'Isabella Mariana Ruiz Vargas', 'isabella.ruiz@soporte.com', '$2a$12$8tF2mUCYXP.VbHFqCnyfN.//MqytPlClhGMq1nCboBXEuD7H9oGB.', 'OPERADOR', '2023-06-03 09:15:00', '2025-04-08 11:25:30', TRUE, 5),
    (11, 'Mateo José Vargas Silva', 'mateo.vargas@usuario.com', '$2a$12$8tF2mUCYXP.VbHFqCnyfN.//MqytPlClhGMq1nCboBXEuD7H9oGB.', 'OPERADOR', '2023-07-20 13:40:00', '2025-04-07 22:10:15', TRUE, 3),
    (12, 'Sofía Alejandra Peña Herrera', 'sofia.pena@gerente.com', '$2a$12$8tF2mUCYXP.VbHFqCnyfN.//MqytPlClhGMq1nCboBXEuD7H9oGB.', 'AUDITOR', '2023-09-05 08:55:00', '2025-04-09 15:50:00', TRUE, 1),
    (13, 'Lucas Emmanuel Díaz Torres', 'lucas.diaz@usuario.com', '$2a$12$8tF2mUCYXP.VbHFqCnyfN.//MqytPlClhGMq1nCboBXEuD7H9oGB.', 'OPERADOR', '2023-10-18 12:30:00', NULL, FALSE, 7),
    (14, 'Gabriela Fernanda López Ruiz', 'gabriela.lopez@moderador.com', '$2a$12$8tF2mUCYXP.VbHFqCnyfN.//MqytPlClhGMq1nCboBXEuD7H9oGB.', 'ANALISTA', '2023-12-02 10:45:00', '2025-04-10 02:05:40', TRUE, 9),
    (15, 'Nicolás Santiago Gómez Castro', 'nicolas.gomez@soporte.com', '$2a$12$8tF2mUCYXP.VbHFqCnyfN.//MqytPlClhGMq1nCboBXEuD7H9oGB.', 'OPERADOR', '2024-01-15 09:20:00', '2025-04-08 13:15:25', TRUE, 5),
    (16, 'Valeria Alejandra Castillo Mendoza', 'valeria.castillo@usuario.com', '$2a$12$8tF2mUCYXP.VbHFqCnyfN.//MqytPlClhGMq1nCboBXEuD7H9oGB.', 'OPERADOR', '2024-02-28 14:10:00', '2025-04-09 10:40:55', TRUE, 12),
    (17, 'Daniela Cristina Navarro Pineda', 'daniela.navarro@admin.com', '$2a$12$8tF2mUCYXP.VbHFqCnyfN.//MqytPlClhGMq1nCboBXEuD7H9oGB.', 'ADMINISTRADOR', '2024-03-10 08:00:00', '2025-04-10 01:55:10', TRUE, 1),
    (18, 'Samuel Alejandro Vega López', 'samuel.vega@usuario.com', '$2a$12$8tF2mUCYXP.VbHFqCnyfN.//MqytPlClhGMq1nCboBXEuD7H9oGB.', 'OPERADOR', '2024-04-22 11:35:00', '2025-04-06 19:30:45', TRUE, 14),
    (19, 'Mariana Isabel Romero Gómez', 'mariana.romero@moderador.com', '$2a$12$8tF2mUCYXP.VbHFqCnyfN.//MqytPlClhGMq1nCboBXEuD7H9oGB.', 'ANALISTA', '2024-05-15 09:50:00', NULL, FALSE, 9),
    (20, 'Julián Andrés Morales Silva', 'julian.morales@soporte.com', '$2a$12$8tF2mUCYXP.VbHFqCnyfN.//MqytPlClhGMq1nCboBXEuD7H9oGB.', 'OPERADOR', '2024-06-08 13:25:00', '2025-04-09 16:45:30', TRUE, 5),
    (21, 'Ana Paula Herrera Vargas', 'ana.herrera@usuario.com', '$2a$12$8tF2mUCYXP.VbHFqCnyfN.//MqytPlClhGMq1nCboBXEuD7H9oGB.', 'OPERADOR', '2024-07-12 10:15:00', '2025-04-07 08:20:10', TRUE, 17),
    (22, 'Tomás Eduardo Silva Castro', 'tomas.silva@gerente.com', '$2a$12$8tF2mUCYXP.VbHFqCnyfN.//MqytPlClhGMq1nCboBXEuD7H9oGB.', 'AUDITOR', '2024-08-20 07:40:00', '2025-04-09 21:55:00', TRUE, 1),
    (23, 'Sara Valentina Ríos Mendoza', 'sara.rios@usuario.com', '$2a$12$8tF2mUCYXP.VbHFqCnyfN.//MqytPlClhGMq1nCboBXEuD7H9oGB.', 'OPERADOR', '2024-09-05 15:50:00', '2025-04-08 12:30:25', TRUE, 2),
    (24, 'Emilio José Fernández Pineda', 'emilio.fernandez@moderador.com', '$2a$12$8tF2mUCYXP.VbHFqCnyfN.//MqytPlClhGMq1nCboBXEuD7H9oGB.', 'ANALISTA', '2024-10-18 09:05:00', '2025-04-10 00:15:40', TRUE, 14),
    (25, 'Luciana Beatriz Ortiz Gómez', 'luciana.ortiz@soporte.com', '$2a$12$8tF2mUCYXP.VbHFqCnyfN.//MqytPlClhGMq1nCboBXEuD7H9oGB.', 'OPERADOR', '2024-11-22 11:30:00', NULL, TRUE, 5),
    (26, 'Mateo Daniel Acosta López', 'mateo.acosta@usuario.com', '$2a$12$8tF2mUCYXP.VbHFqCnyfN.//MqytPlClhGMq1nCboBXEuD7H9oGB.', 'OPERADOR', '2024-12-10 14:45:00', '2025-04-09 18:40:15', FALSE, 21),
    (27, 'Paula Andrea Guzmán Vargas', 'paula.guzman@admin.com', '$2a$12$8tF2mUCYXP.VbHFqCnyfN.//MqytPlClhGMq1nCboBXEuD7H9oGB.', 'ADMINISTRADOR', '2025-01-08 08:20:00', '2025-04-09 23:10:50', TRUE, 1),
    (28, 'Santiago Felipe Cruz Silva', 'santiago.cruz@usuario.com', '$2a$12$8tF2mUCYXP.VbHFqCnyfN.//MqytPlClhGMq1nCboBXEuD7H9oGB.', 'OPERADOR', '2025-02-14 10:55:00', '2025-04-07 17:25:30', TRUE, 17),
    (29, 'Renata Isabel Vargas Castro', 'renata.vargas@moderador.com', '$2a$12$8tF2mUCYXP.VbHFqCnyfN.//MqytPlClhGMq1nCboBXEuD7H9oGB.', 'ANALISTA', '2025-03-01 09:40:00', '2025-04-10 01:35:20', TRUE, 9),
    (30, 'Diego Manuel Torres Pineda', 'diego.torres@soporte.com', '$2a$12$8tF2mUCYXP.VbHFqCnyfN.//MqytPlClhGMq1nCboBXEuD7H9oGB.', 'OPERADOR', '2025-03-20 13:15:00', '2025-04-08 20:50:45', TRUE, 5),
    (31, 'Catalina Sofía Ramírez López', 'catalina.ramirez@usuario.com', '$2a$12$8tF2mUCYXP.VbHFqCnyfN.//MqytPlClhGMq1nCboBXEuD7H9oGB.', 'OPERADOR', '2023-04-05 10:30:00', '2025-04-09 11:45:00', TRUE, 2),
    (32, 'Alejandro José Mendoza Ruiz', 'alejandro.mendoza@gerente.com', '$2a$12$8tF2mUCYXP.VbHFqCnyfN.//MqytPlClhGMq1nCboBXEuD7H9oGB.', 'AUDITOR', '2022-08-12 08:45:00', '2025-04-10 00:05:00', TRUE, 1),
    (33, 'Valeria Fernanda Castro Gómez', 'valeria.castro@usuario.com', '$2a$12$8tF2mUCYXP.VbHFqCnyfN.//MqytPlClhGMq1nCboBXEuD7H9oGB.', 'OPERADOR', '2024-05-25 14:20:00', NULL, FALSE, 17),
    (34, 'Samuel Andrés Pineda Vargas', 'samuel.pineda@moderador.com', '$2a$12$8tF2mUCYXP.VbHFqCnyfN.//MqytPlClhGMq1nCboBXEuD7H9oGB.', 'ANALISTA', '2023-11-18 09:10:00', '2025-04-08 15:30:00', TRUE, 9),
    (35, 'Isabella Sofia López Silva', 'isabella.lopez@soporte.com', '$2a$12$8tF2mUCYXP.VbHFqCnyfN.//MqytPlClhGMq1nCboBXEuD7H9oGB.', 'OPERADOR', '2024-02-10 11:55:00', '2025-04-09 19:20:00', TRUE, 5),
    (36, 'Martín Emilio Vargas Castro', 'martin.vargas@usuario.com', '$2a$12$8tF2mUCYXP.VbHFqCnyfN.//MqytPlClhGMq1nCboBXEuD7H9oGB.', 'OPERADOR', '2023-09-30 16:40:00', '2025-04-07 10:15:00', TRUE, 21),
    (37, 'Camila Renata Gómez Mendoza', 'camila.gomez@admin.com', '$2a$12$8tF2mUCYXP.VbHFqCnyfN.//MqytPlClhGMq1nCboBXEuD7H9oGB.', 'ADMINISTRADOR', '2022-06-22 07:25:00', '2025-04-10 02:20:00', TRUE, 1),
    (38, 'Lucas Mateo Herrera Pineda', 'lucas.herrera@usuario.com', '$2a$12$8tF2mUCYXP.VbHFqCnyfN.//MqytPlClhGMq1nCboBXEuD7H9oGB.', 'OPERADOR', '2024-07-08 12:50:00', '2025-04-09 14:10:00', TRUE, 2),
    (39, 'Sara Valentina Díaz López', 'sara.diaz@moderador.com', '$2a$12$8tF2mUCYXP.VbHFqCnyfN.//MqytPlClhGMq1nCboBXEuD7H9oGB.', 'ANALISTA', '2023-12-15 10:05:00', '2025-04-08 23:45:00', TRUE, 14),
    (40, 'Emilio Andrés Ruiz Vargas', 'emilio.ruiz@soporte.com', '$2a$12$8tF2mUCYXP.VbHFqCnyfN.//MqytPlClhGMq1nCboBXEuD7H9oGB.', 'OPERADOR', '2024-01-28 09:35:00', NULL, TRUE, 5),
    (41, 'Daniela Paula Morales Castro', 'daniela.morales@usuario.com', '$2a$12$8tF2mUCYXP.VbHFqCnyfN.//MqytPlClhGMq1nCboBXEuD7H9oGB.', 'OPERADOR', '2023-05-19 15:10:00', '2025-04-06 21:30:00', FALSE, 28),
    (42, 'Julián Santiago Castro Gómez', 'julian.castro@gerente.com', '$2a$12$8tF2mUCYXP.VbHFqCnyfN.//MqytPlClhGMq1nCboBXEuD7H9oGB.', 'AUDITOR', '2022-10-07 08:15:00', '2025-04-09 22:40:00', TRUE, 1),
    (43, 'Valentina Sofía Navarro Ruiz', 'valentina.navarro@usuario.com', '$2a$12$8tF2mUCYXP.VbHFqCnyfN.//MqytPlClhGMq1nCboBXEuD7H9oGB.', 'OPERADOR', '2024-03-12 13:45:00', '2025-04-09 09:55:00', TRUE, 17),
    (44, 'Mateo Andrés Pineda López', 'mateo.pineda@moderador.com', '$2a$12$8tF2mUCYXP.VbHFqCnyfN.//MqytPlClhGMq1nCboBXEuD7H9oGB.', 'ANALISTA', '2023-08-25 10:20:00', '2025-04-10 01:50:00', TRUE, 9),
    (45, 'Luciana Beatriz Silva Vargas', 'luciana.silva@soporte.com', '$2a$12$8tF2mUCYXP.VbHFqCnyfN.//MqytPlClhGMq1nCboBXEuD7H9oGB.', 'OPERADOR', '2024-06-05 11:40:00', '2025-04-08 16:25:00', TRUE, 5),
    (46, 'Sebastián Felipe López Castro', 'sebastian.lopez@usuario.com', '$2a$12$8tF2mUCYXP.VbHFqCnyfN.//MqytPlClhGMq1nCboBXEuD7H9oGB.', 'OPERADOR', '2023-11-03 14:55:00', '2025-04-07 12:40:00', TRUE, 36),
    (47, 'Gabriela Andrea Torres Mendoza', 'gabriela.torres@admin.com', '$2a$12$8tF2mUCYXP.VbHFqCnyfN.//MqytPlClhGMq1nCboBXEuD7H9oGB.', 'ADMINISTRADOR', '2022-04-18 07:50:00', '2025-04-09 23:30:00', TRUE, 1),
    (48, 'Nicolás Emilio Vargas Silva', 'nicolas.vargas@usuario.com', '$2a$12$8tF2mUCYXP.VbHFqCnyfN.//MqytPlClhGMq1nCboBXEuD7H9oGB.', 'OPERADOR', '2024-09-22 10:10:00', '2025-04-09 18:15:00', TRUE, 2),
    (49, 'Renata Isabel Gómez Pineda', 'renata.gomez@moderador.com', '$2a$12$8tF2mUCYXP.VbHFqCnyfN.//MqytPlClhGMq1nCboBXEuD7H9oGB.', 'ANALISTA', '2023-07-14 09:25:00', NULL, TRUE, 14),
    (50, 'Alejandro Mateo Ruiz Vargas', 'alejandro.ruiz@soporte.com', '$2a$12$8tF2mUCYXP.VbHFqCnyfN.//MqytPlClhGMq1nCboBXEuD7H9oGB.', 'OPERADOR', '2024-11-11 12:05:00', '2025-04-08 14:50:00', TRUE, 5),
    (51, 'Sofía Valentina Herrera López', 'sofia.herrera@usuario.com', '$2a$12$8tF2mUCYXP.VbHFqCnyfN.//MqytPlClhGMq1nCboBXEuD7H9oGB.', 'OPERADOR', '2023-02-14 09:30:00', '2025-04-09 12:20:00', TRUE, 7),
    (52, 'Daniel Alejandro Castro Ruiz', 'daniel.castro@moderador.com', '$2a$12$8tF2mUCYXP.VbHFqCnyfN.//MqytPlClhGMq1nCboBXEuD7H9oGB.', 'ANALISTA', '2022-11-05 10:45:00', '2025-04-08 17:35:00', TRUE, 9),
    (53, 'Valentina Isabel Mendoza Silva', 'valentina.mendoza@soporte.com', '$2a$12$8tF2mUCYXP.VbHFqCnyfN.//MqytPlClhGMq1nCboBXEuD7H9oGB.', 'OPERADOR', '2024-04-22 11:15:00', '2025-04-07 19:10:00', TRUE, 5),
    (54, 'Mateo Felipe Ortiz Gómez', 'mateo.ortiz@usuario.com', '$2a$12$8tF2mUCYXP.VbHFqCnyfN.//MqytPlClhGMq1nCboBXEuD7H9oGB.', 'OPERADOR', '2023-08-19 14:50:00', '2025-04-09 08:55:00', TRUE, 28),
    (55, 'Camila Renata Navarro Castro', 'camila.navarro@admin.com', '$2a$12$8tF2mUCYXP.VbHFqCnyfN.//MqytPlClhGMq1nCboBXEuD7H9oGB.', 'ADMINISTRADOR', '2022-09-30 07:40:00', '2025-04-10 01:25:00', TRUE, 1),
    (56, 'Lucas Santiago Vargas López', 'lucas.vargas@usuario.com', '$2a$12$8tF2mUCYXP.VbHFqCnyfN.//MqytPlClhGMq1nCboBXEuD7H9oGB.', 'OPERADOR', '2024-06-12 13:20:00', '2025-04-08 10:40:00', TRUE, 17),
    (57, 'Sara Alejandra Pineda Ruiz', 'sara.pineda@moderador.com', '$2a$12$8tF2mUCYXP.VbHFqCnyfN.//MqytPlClhGMq1nCboBXEuD7H9oGB.', 'ANALISTA', '2023-05-28 09:55:00', '2025-04-09 23:50:00', TRUE, 14),
    (58, 'Emilio José Silva Vargas', 'emilio.silva@soporte.com', '$2a$12$8tF2mUCYXP.VbHFqCnyfN.//MqytPlClhGMq1nCboBXEuD7H9oGB.', 'OPERADOR', '2024-03-05 12:10:00', NULL, TRUE, 5),
    (59, 'Isabella Mariana Gómez Castro', 'isabella.gomez@usuario.com', '$2a$12$8tF2mUCYXP.VbHFqCnyfN.//MqytPlClhGMq1nCboBXEuD7H9oGB.', 'OPERADOR', '2023-12-20 15:30:00', '2025-04-07 14:25:00', FALSE, 36),
    (60, 'Julián Andrés López Mendoza', 'julian.lopez@gerente.com', '$2a$12$8tF2mUCYXP.VbHFqCnyfN.//MqytPlClhGMq1nCboBXEuD7H9oGB.', 'AUDITOR', '2022-07-15 08:25:00', '2025-04-09 20:45:00', TRUE, 1),
    (61, 'Ana Paula Torres Pineda', 'ana.torres@usuario.com', '$2a$12$8tF2mUCYXP.VbHFqCnyfN.//MqytPlClhGMq1nCboBXEuD7H9oGB.', 'OPERADOR', '2024-10-08 10:40:00', '2025-04-09 11:15:00', TRUE, 2),
    (62, 'Sebastián David Ruiz Vargas', 'sebastian.ruiz@moderador.com', '$2a$12$8tF2mUCYXP.VbHFqCnyfN.//MqytPlClhGMq1nCboBXEuD7H9oGB.', 'ANALISTA', '2023-10-12 09:20:00', '2025-04-10 00:55:00', TRUE, 9),
    (63, 'Luciana Beatriz Castro Silva', 'luciana.castro@soporte.com', '$2a$12$8tF2mUCYXP.VbHFqCnyfN.//MqytPlClhGMq1nCboBXEuD7H9oGB.', 'OPERADOR', '2024-07-25 11:50:00', '2025-04-08 18:30:00', TRUE, 5),
    (64, 'Mateo Andrés Herrera López', 'mateo.herrera@usuario.com', '$2a$12$8tF2mUCYXP.VbHFqCnyfN.//MqytPlClhGMq1nCboBXEuD7H9oGB.', 'OPERADOR', '2023-03-18 14:35:00', '2025-04-07 09:40:00', TRUE, 21),
    (65, 'Valentina Sofía Mendoza Ruiz', 'valentina.mendoza2@usuario.com', '$2a$12$8tF2mUCYXP.VbHFqCnyfN.//MqytPlClhGMq1nCboBXEuD7H9oGB.', 'OPERADOR', '2024-05-10 13:25:00', '2025-04-09 17:10:00', TRUE, 28),
    (66, 'Daniel Emilio Vargas Castro', 'daniel.vargas@admin.com', '$2a$12$8tF2mUCYXP.VbHFqCnyfN.//MqytPlClhGMq1nCboBXEuD7H9oGB.', 'ADMINISTRADOR', '2022-05-22 07:55:00', '2025-04-10 02:10:00', TRUE, 1),
    (67, 'Camila Renata Gómez Silva', 'camila.gomez2@usuario.com', '$2a$12$8tF2mUCYXP.VbHFqCnyfN.//MqytPlClhGMq1nCboBXEuD7H9oGB.', 'OPERADOR', '2023-09-15 15:40:00', NULL, TRUE, 17),
    (68, 'Lucas Santiago Pineda López', 'lucas.pineda@moderador.com', '$2a$12$8tF2mUCYXP.VbHFqCnyfN.//MqytPlClhGMq1nCboBXEuD7H9oGB.', 'ANALISTA', '2024-02-28 10:05:00', '2025-04-08 22:50:00', TRUE, 14),
    (69, 'Sara Valentina Ortiz Vargas', 'sara.ortiz@soporte.com', '$2a$12$8tF2mUCYXP.VbHFqCnyfN.//MqytPlClhGMq1nCboBXEuD7H9oGB.', 'OPERADOR', '2023-11-30 12:15:00', '2025-04-09 15:35:00', TRUE, 5),
    (70, 'Emilio José Navarro Castro', 'emilio.navarro@usuario.com', '$2a$12$8tF2mUCYXP.VbHFqCnyfN.//MqytPlClhGMq1nCboBXEuD7H9oGB.', 'OPERADOR', '2024-08-18 14:50:00', '2025-04-07 13:20:00', TRUE, 36),
    (71, 'Isabella Mariana López Ruiz', 'isabella.lopez2@usuario.com', '$2a$12$8tF2mUCYXP.VbHFqCnyfN.//MqytPlClhGMq1nCboBXEuD7H9oGB.', 'OPERADOR', '2023-06-08 09:45:00', '2025-04-09 10:30:00', TRUE, 2),
    (72, 'Julián Andrés Silva Vargas', 'julian.silva@gerente.com', '$2a$12$8tF2mUCYXP.VbHFqCnyfN.//MqytPlClhGMq1nCboBXEuD7H9oGB.', 'AUDITOR', '2022-12-05 08:10:00', '2025-04-09 21:30:00', TRUE, 1),
    (73, 'Ana Paula Herrera Mendoza', 'ana.herrera2@usuario.com', '$2a$12$8tF2mUCYXP.VbHFqCnyfN.//MqytPlClhGMq1nCboBXEuD7H9oGB.', 'OPERADOR', '2024-01-12 15:20:00', '2025-04-08 11:45:00', FALSE, 17),
    (74, 'Sebastián Felipe Castro Pineda', 'sebastian.castro@moderador.com', '$2a$12$8tF2mUCYXP.VbHFqCnyfN.//MqytPlClhGMq1nCboBXEuD7H9oGB.', 'ANALISTA', '2023-07-22 10:35:00', '2025-04-10 01:40:00', TRUE, 9),
    (75, 'Luciana Beatriz Vargas López', 'luciana.vargas@soporte.com', '$2a$12$8tF2mUCYXP.VbHFqCnyfN.//MqytPlClhGMq1nCboBXEuD7H9oGB.', 'OPERADOR', '2024-09-05 11:55:00', '2025-04-08 19:55:00', TRUE, 5),
    (76, 'Mateo Daniel Ruiz Silva', 'mateo.ruiz@usuario.com', '$2a$12$8tF2mUCYXP.VbHFqCnyfN.//MqytPlClhGMq1nCboBXEuD7H9oGB.', 'OPERADOR', '2023-04-30 14:40:00', '2025-04-09 18:25:00', TRUE, 21),
    (77, 'Valentina Sofía Gómez Castro', 'valentina.gomez@admin.com', '$2a$12$8tF2mUCYXP.VbHFqCnyfN.//MqytPlClhGMq1nCboBXEuD7H9oGB.', 'ADMINISTRADOR', '2022-08-25 07:30:00', '2025-04-09 23:55:00', TRUE, 1),
    (78, 'Daniel Alejandro Mendoza Vargas', 'daniel.mendoza@usuario.com', '$2a$12$8tF2mUCYXP.VbHFqCnyfN.//MqytPlClhGMq1nCboBXEuD7H9oGB.', 'OPERADOR', '2024-11-15 13:10:00', '2025-04-07 16:50:00', TRUE, 28),
    (79, 'Camila Renata Navarro López', 'camila.navarro2@moderador.com', '$2a$12$8tF2mUCYXP.VbHFqCnyfN.//MqytPlClhGMq1nCboBXEuD7H9oGB.', 'ANALISTA', '2023-10-28 09:50:00', NULL, TRUE, 14),
    (80, 'Lucas Santiago Pineda Ruiz', 'lucas.pineda2@soporte.com', '$2a$12$8tF2mUCYXP.VbHFqCnyfN.//MqytPlClhGMq1nCboBXEuD7H9oGB.', 'OPERADOR', '2024-02-18 12:25:00', '2025-04-08 20:15:00', TRUE, 5),
    (81, 'Sara Valentina Ortiz Gómez', 'sara.ortiz2@usuario.com', '$2a$12$8tF2mUCYXP.VbHFqCnyfN.//MqytPlClhGMq1nCboBXEuD7H9oGB.', 'OPERADOR', '2023-01-20 15:35:00', '2025-04-09 12:55:00', TRUE, 36),
    (82, 'Emilio José Silva Vargas', 'emilio.silva2@usuario.com', '$2a$12$8tF2mUCYXP.VbHFqCnyfN.//MqytPlClhGMq1nCboBXEuD7H9oGB.', 'OPERADOR', '2024-06-30 10:20:00', '2025-04-08 09:30:00', TRUE, 2),
    (83, 'Isabella Mariana López Castro', 'isabella.lopez3@moderador.com', '$2a$12$8tF2mUCYXP.VbHFqCnyfN.//MqytPlClhGMq1nCboBXEuD7H9oGB.', 'ANALISTA', '2023-09-12 09:40:00', '2025-04-10 00:45:00', TRUE, 9),
    (84, 'Julián Andrés Herrera Mendoza', 'julian.herrera@soporte.com', '$2a$12$8tF2mUCYXP.VbHFqCnyfN.//MqytPlClhGMq1nCboBXEuD7H9oGB.', 'OPERADOR', '2024-05-05 11:45:00', '2025-04-07 18:40:00', TRUE, 5),
    (85, 'Ana Paula Torres Ruiz', 'ana.torres2@usuario.com', '$2a$12$8tF2mUCYXP.VbHFqCnyfN.//MqytPlClhGMq1nCboBXEuD7H9oGB.', 'OPERADOR', '2023-07-08 14:15:00', '2025-04-09 14:50:00', FALSE, 17),
    (86, 'Sebastián Felipe Castro Pineda', 'sebastian.castro2@gerente.com', '$2a$12$8tF2mUCYXP.VbHFqCnyfN.//MqytPlClhGMq1nCboBXEuD7H9oGB.', 'AUDITOR', '2022-03-15 08:35:00', '2025-04-09 21:15:00', TRUE, 1),
    (87, 'Luciana Beatriz Vargas López', 'luciana.vargas2@usuario.com', '$2a$12$8tF2mUCYXP.VbHFqCnyfN.//MqytPlClhGMq1nCboBXEuD7H9oGB.', 'OPERADOR', '2024-10-22 13:30:00', '2025-04-08 17:20:00', TRUE, 28),
    (88, 'Mateo Daniel Ruiz Silva', 'mateo.ruiz2@moderador.com', '$2a$12$8tF2mUCYXP.VbHFqCnyfN.//MqytPlClhGMq1nCboBXEuD7H9oGB.', 'ANALISTA', '2023-12-10 10:25:00', '2025-04-09 23:05:00', TRUE, 14),
    (89, 'Valentina Sofía Gómez Castro', 'valentina.gomez2@soporte.com', '$2a$12$8tF2mUCYXP.VbHFqCnyfN.//MqytPlClhGMq1nCboBXEuD7H9oGB.', 'OPERADOR', '2024-03-25 12:10:00', '2025-04-07 20:30:00', TRUE, 5),
    (90, 'Daniel Alejandro Mendoza Vargas', 'daniel.mendoza2@usuario.com', '$2a$12$8tF2mUCYXP.VbHFqCnyfN.//MqytPlClhGMq1nCboBXEuD7H9oGB.', 'OPERADOR', '2023-05-12 15:45:00', '2025-04-09 11:10:00', TRUE, 21),
    (91, 'Camila Renata Navarro López', 'camila.navarro3@admin.com', '$2a$12$8tF2mUCYXP.VbHFqCnyfN.//MqytPlClhGMq1nCboBXEuD7H9oGB.', 'ADMINISTRADOR', '2022-10-18 07:50:00', '2025-04-10 01:50:00', TRUE, 1),
    (92, 'Lucas Santiago Pineda Ruiz', 'lucas.pineda3@usuario.com', '$2a$12$8tF2mUCYXP.VbHFqCnyfN.//MqytPlClhGMq1nCboBXEuD7H9oGB.', 'OPERADOR', '2024-07-30 13:55:00', '2025-04-08 12:40:00', TRUE, 2),
    (93, 'Sara Valentina Ortiz Gómez', 'sara.ortiz3@moderador.com', '$2a$12$8tF2mUCYXP.VbHFqCnyfN.//MqytPlClhGMq1nCboBXEuD7H9oGB.', 'ANALISTA', '2023-08-05 09:30:00', NULL, TRUE, 9),
    (94, 'Emilio José Silva Vargas', 'emilio.silva3@soporte.com', '$2a$12$8tF2mUCYXP.VbHFqCnyfN.//MqytPlClhGMq1nCboBXEuD7H9oGB.', 'OPERADOR', '2024-01-08 11:20:00', '2025-04-09 19:45:00', TRUE, 5),
    (95, 'Isabella Mariana López Castro', 'isabella.lopez4@usuario.com', '$2a$12$8tF2mUCYXP.VbHFqCnyfN.//MqytPlClhGMq1nCboBXEuD7H9oGB.', 'OPERADOR', '2023-11-25 14:40:00', '2025-04-07 15:25:00', TRUE, 36),
    (96, 'Julián Andrés Herrera Mendoza', 'julian.herrera2@usuario.com', '$2a$12$8tF2mUCYXP.VbHFqCnyfN.//MqytPlClhGMq1nCboBXEuD7H9oGB.', 'OPERADOR', '2024-09-18 10:15:00', '2025-04-09 08:45:00', TRUE, 17),
    (97, 'Ana Paula Torres Ruiz', 'ana.torres3@moderador.com', '$2a$12$8tF2mUCYXP.VbHFqCnyfN.//MqytPlClhGMq1nCboBXEuD7H9oGB.', 'ANALISTA', '2023-02-28 09:55:00', '2025-04-10 00:30:00', TRUE, 14),
    (98, 'Sebastián Felipe Castro Pineda', 'sebastian.castro3@soporte.com', '$2a$12$8tF2mUCYXP.VbHFqCnyfN.//MqytPlClhGMq1nCboBXEuD7H9oGB.', 'OPERADOR', '2024-04-12 12:35:00', '2025-04-08 21:10:00', TRUE, 5),
    (99, 'Luciana Beatriz Vargas López', 'luciana.vargas3@usuario.com', '$2a$12$8tF2mUCYXP.VbHFqCnyfN.//MqytPlClhGMq1nCboBXEuD7H9oGB.', 'OPERADOR', '2023-06-15 15:20:00', '2025-04-09 17:55:00', FALSE, 28),
    (100, 'Mateo Daniel Ruiz Silva', 'mateo.ruiz3@gerente.com', '$2a$12$8tF2mUCYXP.VbHFqCnyfN.//MqytPlClhGMq1nCboBXEuD7H9oGB.', 'AUDITOR', '2022-04-10 08:05:00', '2025-04-09 22:20:00', TRUE, 1),
    (101, 'Valentina Sofía Gómez Castro', 'valentina.gomez3@usuario.com', '$2a$12$8tF2mUCYXP.VbHFqCnyfN.//MqytPlClhGMq1nCboBXEuD7H9oGB.', 'OPERADOR', '2024-12-05 13:45:00', '2025-04-07 10:55:00', TRUE, 2),
    (102, 'Daniel Alejandro Mendoza Vargas', 'daniel.mendoza3@moderador.com', '$2a$12$8tF2mUCYXP.VbHFqCnyfN.//MqytPlClhGMq1nCboBXEuD7H9oGB.', 'ANALISTA', '2023-09-22 10:10:00', '2025-04-09 23:40:00', TRUE, 9),
    (103, 'Camila Renata Navarro López', 'camila.navarro4@soporte.com', '$2a$12$8tF2mUCYXP.VbHFqCnyfN.//MqytPlClhGMq1nCboBXEuD7H9oGB.', 'OPERADOR', '2024-08-10 11:50:00', '2025-04-08 14:15:00', TRUE, 5),
    (104, 'Lucas Santiago Pineda Ruiz', 'lucas.pineda4@usuario.com', '$2a$12$8tF2mUCYXP.VbHFqCnyfN.//MqytPlClhGMq1nCboBXEuD7H9oGB.', 'OPERADOR', '2023-01-05 14:30:00', '2025-04-09 13:35:00', TRUE, 21),
    (105, 'Sara Valentina Ortiz Gómez', 'sara.ortiz4@usuario.com', '$2a$12$8tF2mUCYXP.VbHFqCnyfN.//MqytPlClhGMq1nCboBXEuD7H9oGB.', 'OPERADOR', '2024-03-18 15:10:00', NULL, TRUE, 36),
    (106, 'Emilio José Silva Vargas', 'emilio.silva4@admin.com', '$2a$12$8tF2mUCYXP.VbHFqCnyfN.//MqytPlClhGMq1nCboBXEuD7H9oGB.', 'ADMINISTRADOR', '2022-11-12 07:45:00', '2025-04-10 01:15:00', TRUE, 1),
    (107, 'Isabella Mariana López Castro', 'isabella.lopez5@usuario.com', '$2a$12$8tF2mUCYXP.VbHFqCnyfN.//MqytPlClhGMq1nCboBXEuD7H9oGB.', 'OPERADOR', '2023-10-15 13:25:00', '2025-04-08 16:40:00', TRUE, 17),
    (108, 'Julián Andrés Herrera Mendoza', 'julian.herrera3@moderador.com', '$2a$12$8tF2mUCYXP.VbHFqCnyfN.//MqytPlClhGMq1nCboBXEuD7H9oGB.', 'ANALISTA', '2024-06-22 09:40:00', '2025-04-09 00:25:00', TRUE, 14),
    (109, 'Ana Paula Torres Ruiz', 'ana.torres4@soporte.com', '$2a$12$8tF2mUCYXP.VbHFqCnyfN.//MqytPlClhGMq1nCboBXEuD7H9oGB.', 'OPERADOR', '2023-04-08 12:05:00', '2025-04-07 19:30:00', TRUE, 5),
    (110, 'Sebastián Felipe Castro Pineda', 'sebastian.castro4@usuario.com', '$2a$12$8tF2mUCYXP.VbHFqCnyfN.//MqytPlClhGMq1nCboBXEuD7H9oGB.', 'OPERADOR', '2024-02-12 14:50:00', '2025-04-09 18:05:00', TRUE, 28),
    (111, 'Luciana Beatriz Vargas López', 'luciana.vargas4@usuario.com', '$2a$12$8tF2mUCYXP.VbHFqCnyfN.//MqytPlClhGMq1nCboBXEuD7H9oGB.', 'OPERADOR', '2023-08-28 15:35:00', '2025-04-08 11:20:00', FALSE, 2),
    (112, 'Mateo Daniel Ruiz Silva', 'mateo.ruiz4@moderador.com', '$2a$12$8tF2mUCYXP.VbHFqCnyfN.//MqytPlClhGMq1nCboBXEuD7H9oGB.', 'ANALISTA', '2024-05-20 10:30:00', '2025-04-10 01:05:00', TRUE, 9),
    (113, 'Valentina Sofía Gómez Castro', 'valentina.gomez4@soporte.com', '$2a$12$8tF2mUCYXP.VbHFqCnyfN.//MqytPlClhGMq1nCboBXEuD7H9oGB.', 'OPERADOR', '2023-12-02 11:45:00', '2025-04-09 20:50:00', TRUE, 5),
    (114, 'Daniel Alejandro Mendoza Vargas', 'daniel.mendoza4@usuario.com', '$2a$12$8tF2mUCYXP.VbHFqCnyfN.//MqytPlClhGMq1nCboBXEuD7H9oGB.', 'OPERADOR', '2024-09-10 13:15:00', '2025-04-07 12:10:00', TRUE, 21),
    (115, 'Camila Renata Navarro López', 'camila.navarro5@gerente.com', '$2a$12$8tF2mUCYXP.VbHFqCnyfN.//MqytPlClhGMq1nCboBXEuD7H9oGB.', 'AUDITOR', '2022-06-18 08:20:00', '2025-04-09 21:40:00', TRUE, 1),
    (116, 'Lucas Santiago Pineda Ruiz', 'lucas.pineda5@usuario.com', '$2a$12$8tF2mUCYXP.VbHFqCnyfN.//MqytPlClhGMq1nCboBXEuD7H9oGB.', 'OPERADOR', '2023-03-25 14:40:00', '2025-04-09 09:25:00', TRUE, 17),
    (117, 'Sara Valentina Ortiz Gómez', 'sara.ortiz5@moderador.com', '$2a$12$8tF2mUCYXP.VbHFqCnyfN.//MqytPlClhGMq1nCboBXEuD7H9oGB.', 'ANALISTA', '2024-07-15 09:55:00', '2025-04-08 23:30:00', TRUE, 14),
    (118, 'Emilio José Silva Vargas', 'emilio.silva5@soporte.com', '$2a$12$8tF2mUCYXP.VbHFqCnyfN.//MqytPlClhGMq1nCboBXEuD7H9oGB.', 'OPERADOR', '2023-10-30 12:25:00', NULL, TRUE, 5),
    (119, 'Isabella Mariana López Castro', 'isabella.lopez6@usuario.com', '$2a$12$8tF2mUCYXP.VbHFqCnyfN.//MqytPlClhGMq1nCboBXEuD7H9oGB.', 'OPERADOR', '2024-01-22 15:10:00', '2025-04-09 14:35:00', TRUE, 36),
    (120, 'Julián Andrés Herrera Mendoza', 'julian.herrera4@usuario.com', '$2a$12$8tF2mUCYXP.VbHFqCnyfN.//MqytPlClhGMq1nCboBXEuD7H9oGB.', 'OPERADOR', '2023-05-05 13:50:00', '2025-04-08 10:15:00', TRUE, 2),
    (121, 'Ana Paula Torres Ruiz', 'ana.torres5@admin.com', '$2a$12$8tF2mUCYXP.VbHFqCnyfN.//MqytPlClhGMq1nCboBXEuD7H9oGB.', 'ADMINISTRADOR', '2022-02-28 07:35:00', '2025-04-10 02:05:00', TRUE, 1),
    (122, 'Sebastián Felipe Castro Pineda', 'sebastian.castro5@moderador.com', '$2a$12$8tF2mUCYXP.VbHFqCnyfN.//MqytPlClhGMq1nCboBXEuD7H9oGB.', 'ANALISTA', '2024-11-08 10:20:00', '2025-04-09 00:40:00', TRUE, 9),
    (123, 'Luciana Beatriz Vargas López', 'luciana.vargas5@soporte.com', '$2a$12$8tF2mUCYXP.VbHFqCnyfN.//MqytPlClhGMq1nCboBXEuD7H9oGB.', 'OPERADOR', '2023-07-18 11:40:00', '2025-04-07 18:55:00', TRUE, 5),
    (124, 'Mateo Daniel Ruiz Silva', 'mateo.ruiz5@usuario.com', '$2a$12$8tF2mUCYXP.VbHFqCnyfN.//MqytPlClhGMq1nCboBXEuD7H9oGB.', 'OPERADOR', '2024-04-28 14:25:00', '2025-04-09 17:40:00', FALSE, 28),
    (125, 'Valentina Sofía Gómez Castro', 'valentina.gomez5@usuario.com', '$2a$12$8tF2mUCYXP.VbHFqCnyfN.//MqytPlClhGMq1nCboBXEuD7H9oGB.', 'OPERADOR', '2023-09-05 15:30:00', '2025-04-08 13:10:00', TRUE, 17),
    (126, 'Daniel Alejandro Mendoza Vargas', 'daniel.mendoza5@moderador.com', '$2a$12$8tF2mUCYXP.VbHFqCnyfN.//MqytPlClhGMq1nCboBXEuD7H9oGB.', 'ANALISTA', '2024-06-10 09:45:00', '2025-04-10 01:20:00', TRUE, 14),
    (127, 'Camila Renata Navarro López', 'camila.navarro6@soporte.com', '$2a$12$8tF2mUCYXP.VbHFqCnyfN.//MqytPlClhGMq1nCboBXEuD7H9oGB.', 'OPERADOR', '2023-12-15 12:15:00', '2025-04-09 19:15:00', TRUE, 5),
    (128, 'Lucas Santiago Pineda Ruiz', 'lucas.pineda6@usuario.com', '$2a$12$8tF2mUCYXP.VbHFqCnyfN.//MqytPlClhGMq1nCboBXEuD7H9oGB.', 'OPERADOR', '2024-08-22 13:55:00', '2025-04-07 11:50:00', TRUE, 21),
    (129, 'Sara Valentina Ortiz Gómez', 'sara.ortiz6@gerente.com', '$2a$12$8tF2mUCYXP.VbHFqCnyfN.//MqytPlClhGMq1nCboBXEuD7H9oGB.', 'AUDITOR', '2022-05-30 08:10:00', '2025-04-09 22:10:00', TRUE, 1),
    (130, 'Emilio José Silva Vargas', 'emilio.silva6@usuario.com', '$2a$12$8tF2mUCYXP.VbHFqCnyfN.//MqytPlClhGMq1nCboBXEuD7H9oGB.', 'OPERADOR', '2023-11-10 14:40:00', '2025-04-09 16:25:00', TRUE, 2),
    (131, 'Isabella Mariana López Castro', 'isabella.lopez7@moderador.com', '$2a$12$8tF2mUCYXP.VbHFqCnyfN.//MqytPlClhGMq1nCboBXEuD7H9oGB.', 'ANALISTA', '2024-02-05 10:05:00', '2025-04-08 23:55:00', TRUE, 9),
    (132, 'Julián Andrés Herrera Mendoza', 'julian.herrera5@soporte.com', '$2a$12$8tF2mUCYXP.VbHFqCnyfN.//MqytPlClhGMq1nCboBXEuD7H9oGB.', 'OPERADOR', '2023-06-25 11:30:00', '2025-04-09 20:05:00', TRUE, 5),
    (133, 'Ana Paula Torres Ruiz', 'ana.torres6@usuario.com', '$2a$12$8tF2mUCYXP.VbHFqCnyfN.//MqytPlClhGMq1nCboBXEuD7H9oGB.', 'OPERADOR', '2024-10-12 15:20:00', '2025-04-07 14:45:00', TRUE, 36),
    (134, 'Sebastián Felipe Castro Pineda', 'sebastian.castro6@usuario.com', '$2a$12$8tF2mUCYXP.VbHFqCnyfN.//MqytPlClhGMq1nCboBXEuD7H9oGB.', 'OPERADOR', '2023-01-18 13:45:00', '2025-04-09 09:10:00', FALSE, 17),
    (135, 'Luciana Beatriz Vargas López', 'luciana.vargas6@admin.com', '$2a$12$8tF2mUCYXP.VbHFqCnyfN.//MqytPlClhGMq1nCboBXEuD7H9oGB.', 'ADMINISTRADOR', '2022-09-08 07:50:00', '2025-04-10 01:35:00', TRUE, 1),
    (136, 'Mateo Daniel Ruiz Silva', 'mateo.ruiz6@moderador.com', '$2a$12$8tF2mUCYXP.VbHFqCnyfN.//MqytPlClhGMq1nCboBXEuD7H9oGB.', 'ANALISTA', '2024-05-15 10:25:00', '2025-04-08 00:20:00', TRUE, 14),
    (137, 'Valentina Sofía Gómez Castro', 'valentina.gomez6@soporte.com', '$2a$12$8tF2mUCYXP.VbHFqCnyfN.//MqytPlClhGMq1nCboBXEuD7H9oGB.', 'OPERADOR', '2023-08-12 12:10:00', '2025-04-09 18:40:00', TRUE, 5),
    (138, 'Daniel Alejandro Mendoza Vargas', 'daniel.mendoza6@usuario.com', '$2a$12$8tF2mUCYXP.VbHFqCnyfN.//MqytPlClhGMq1nCboBXEuD7H9oGB.', 'OPERADOR', '2024-03-30 14:55:00', '2025-04-08 15:50:00', TRUE, 28),
    (139, 'Camila Renata Navarro López', 'camila.navarro7@usuario.com', '$2a$12$8tF2mUCYXP.VbHFqCnyfN.//MqytPlClhGMq1nCboBXEuD7H9oGB.', 'OPERADOR', '2023-04-22 15:35:00', '2025-04-07 13:30:00', TRUE, 2),
    (140, 'Lucas Santiago Pineda Ruiz', 'lucas.pineda7@moderador.com', '$2a$12$8tF2mUCYXP.VbHFqCnyfN.//MqytPlClhGMq1nCboBXEuD7H9oGB.', 'ANALISTA', '2024-07-05 09:40:00', '2025-04-09 23:15:00', TRUE, 9),
    (141, 'Sara Valentina Ortiz Gómez', 'sara.ortiz7@soporte.com', '$2a$12$8tF2mUCYXP.VbHFqCnyfN.//MqytPlClhGMq1nCboBXEuD7H9oGB.', 'OPERADOR', '2023-11-28 11:55:00', '2025-04-08 20:45:00', TRUE, 5),
    (142, 'Emilio José Silva Vargas', 'emilio.silva7@usuario.com', '$2a$12$8tF2mUCYXP.VbHFqCnyfN.//MqytPlClhGMq1nCboBXEuD7H9oGB.', 'OPERADOR', '2024-01-15 14:20:00', '2025-04-09 10:50:00', FALSE, 21),
    (143, 'Isabella Mariana López Castro', 'isabella.lopez8@gerente.com', '$2a$12$8tF2mUCYXP.VbHFqCnyfN.//MqytPlClhGMq1nCboBXEuD7H9oGB.', 'AUDITOR', '2022-07-10 08:30:00', '2025-04-09 21:55:00', TRUE, 1),
    (144, 'Julián Andrés Herrera Mendoza', 'julian.herrera6@usuario.com', '$2a$12$8tF2mUCYXP.VbHFqCnyfN.//MqytPlClhGMq1nCboBXEuD7H9oGB.', 'OPERADOR', '2023-10-05 13:40:00', '2025-04-08 12:25:00', TRUE, 17),
    (145, 'Ana Paula Torres Ruiz', 'ana.torres7@moderador.com', '$2a$12$8tF2mUCYXP.VbHFqCnyfN.//MqytPlClhGMq1nCboBXEuD7H9oGB.', 'ANALISTA', '2024-09-20 10:15:00', '2025-04-10 00:50:00', TRUE, 14),
    (146, 'Sebastián Felipe Castro Pineda', 'sebastian.castro7@soporte.com', '$2a$12$8tF2mUCYXP.VbHFqCnyfN.//MqytPlClhGMq1nCboBXEuD7H9oGB.', 'OPERADOR', '2023-05-18 12:05:00', '2025-04-09 19:35:00', TRUE, 5),
    (147, 'Luciana Beatriz Vargas López', 'luciana.vargas7@usuario.com', '$2a$12$8tF2mUCYXP.VbHFqCnyfN.//MqytPlClhGMq1nCboBXEuD7H9oGB.', 'OPERADOR', '2024-06-08 15:30:00', '2025-04-07 17:10:00', TRUE, 36),
    (148, 'Mateo Daniel Ruiz Silva', 'mateo.ruiz7@usuario.com', '$2a$12$8tF2mUCYXP.VbHFqCnyfN.//MqytPlClhGMq1nCboBXEuD7H9oGB.', 'OPERADOR', '2023-02-12 14:45:00', '2025-04-09 16:40:00', TRUE, 2),
    (149, 'Valentina Sofía Gómez Castro', 'valentina.gomez7@admin.com', '$2a$12$8tF2mUCYXP.VbHFqCnyfN.//MqytPlClhGMq1nCboBXEuD7H9oGB.', 'ADMINISTRADOR', '2022-12-20 07:55:00', '2025-04-10 01:45:00', TRUE, 1),
    (150, 'Daniel Alejandro Mendoza Vargas', 'daniel.mendoza7@moderador.com', '$2a$12$8tF2mUCYXP.VbHFqCnyfN.//MqytPlClhGMq1nCboBXEuD7H9oGB.', 'ANALISTA', '2024-04-25 09:50:00', '2025-04-08 23:20:00', TRUE, 9),
    (151, 'Camila Renata Navarro López', 'camila.navarro8@soporte.com', '$2a$12$8tF2mUCYXP.VbHFqCnyfN.//MqytPlClhGMq1nCboBXEuD7H9oGB.', 'OPERADOR', '2023-08-15 11:35:00', '2025-04-09 20:25:00', TRUE, 5),
    (152, 'Lucas Santiago Pineda Ruiz', 'lucas.pineda8@usuario.com', '$2a$12$8tF2mUCYXP.VbHFqCnyfN.//MqytPlClhGMq1nCboBXEuD7H9oGB.', 'OPERADOR', '2024-11-28 13:20:00', '2025-04-07 11:35:00', TRUE, 21),
    (153, 'Sara Valentina Ortiz Gómez', 'sara.ortiz8@usuario.com', '$2a$12$8tF2mUCYXP.VbHFqCnyfN.//MqytPlClhGMq1nCboBXEuD7H9oGB.', 'OPERADOR', '2023-01-30 15:10:00', '2025-04-09 14:20:00', FALSE, 28),
    (154, 'Emilio José Silva Vargas', 'emilio.silva8@moderador.com', '$2a$12$8tF2mUCYXP.VbHFqCnyfN.//MqytPlClhGMq1nCboBXEuD7H9oGB.', 'ANALISTA', '2024-07-22 10:30:00', '2025-04-10 01:30:00', TRUE, 14),
    (155, 'Isabella Mariana López Castro', 'isabella.lopez9@soporte.com', '$2a$12$8tF2mUCYXP.VbHFqCnyfN.//MqytPlClhGMq1nCboBXEuD7H9oGB.', 'OPERADOR', '2023-09-28 12:15:00', '2025-04-08 18:50:00', TRUE, 5),
    (156, 'Julián Andrés Herrera Mendoza', 'julian.herrera7@usuario.com', '$2a$12$8tF2mUCYXP.VbHFqCnyfN.//MqytPlClhGMq1nCboBXEuD7H9oGB.', 'OPERADOR', '2024-05-12 14:40:00', '2025-04-09 09:45:00', TRUE, 17),
    (157, 'Ana Paula Torres Ruiz', 'ana.torres8@usuario.com', '$2a$12$8tF2mUCYXP.VbHFqCnyfN.//MqytPlClhGMq1nCboBXEuD7H9oGB.', 'OPERADOR', '2023-11-05 15:25:00', '2025-04-07 15:55:00', TRUE, 36),
    (158, 'Sebastián Felipe Castro Pineda', 'sebastian.castro8@gerente.com', '$2a$12$8tF2mUCYXP.VbHFqCnyfN.//MqytPlClhGMq1nCboBXEuD7H9oGB.', 'AUDITOR', '2022-08-05 08:40:00', '2025-04-09 22:35:00', TRUE, 1),
    (159, 'Luciana Beatriz Vargas López', 'luciana.vargas8@moderador.com', '$2a$12$8tF2mUCYXP.VbHFqCnyfN.//MqytPlClhGMq1nCboBXEuD7H9oGB.', 'ANALISTA', '2024-02-20 09:55:00', '2025-04-08 23:45:00', TRUE, 9),
    (160, 'Mateo Daniel Ruiz Silva', 'mateo.ruiz8@soporte.com', '$2a$12$8tF2mUCYXP.VbHFqCnyfN.//MqytPlClhGMq1nCboBXEuD7H9oGB.', 'OPERADOR', '2023-06-30 11:50:00', '2025-04-09 19:55:00', TRUE, 5),
    (161, 'Valentina Sofía Gómez Castro', 'valentina.gomez8@usuario.com', '$2a$12$8tF2mUCYXP.VbHFqCnyfN.//MqytPlClhGMq1nCboBXEuD7H9oGB.', 'OPERADOR', '2024-10-05 13:35:00', '2025-04-07 12:50:00', TRUE, 21),
    (162, 'Daniel Alejandro Mendoza Vargas', 'daniel.mendoza8@usuario.com', '$2a$12$8tF2mUCYXP.VbHFqCnyfN.//MqytPlClhGMq1nCboBXEuD7H9oGB.', 'OPERADOR', '2023-04-15 14:20:00', '2025-04-09 17:30:00', FALSE, 2),
    (163, 'Camila Renata Navarro López', 'camila.navarro9@admin.com', '$2a$12$8tF2mUCYXP.VbHFqCnyfN.//MqytPlClhGMq1nCboBXEuD7H9oGB.', 'ADMINISTRADOR', '2022-10-25 07:45:00', '2025-04-10 02:15:00', TRUE, 1),
    (164, 'Lucas Santiago Pineda Ruiz', 'lucas.pineda9@moderador.com', '$2a$12$8tF2mUCYXP.VbHFqCnyfN.//MqytPlClhGMq1nCboBXEuD7H9oGB.', 'ANALISTA', '2024-08-18 10:10:00', '2025-04-09 00:35:00', TRUE, 14),
    (165, 'Sara Valentina Ortiz Gómez', 'sara.ortiz9@soporte.com', '$2a$12$8tF2mUCYXP.VbHFqCnyfN.//MqytPlClhGMq1nCboBXEuD7H9oGB.', 'OPERADOR', '2023-12-22 12:30:00', '2025-04-08 21:05:00', TRUE, 5),
    (166, 'Emilio José Silva Vargas', 'emilio.silva9@usuario.com', '$2a$12$8tF2mUCYXP.VbHFqCnyfN.//MqytPlClhGMq1nCboBXEuD7H9oGB.', 'OPERADOR', '2024-03-10 14:45:00', '2025-04-09 11:25:00', TRUE, 36),
    (167, 'Isabella Mariana López Castro', 'isabella.lopez10@usuario.com', '$2a$12$8tF2mUCYXP.VbHFqCnyfN.//MqytPlClhGMq1nCboBXEuD7H9oGB.', 'OPERADOR', '2023-07-12 15:15:00', '2025-04-07 16:40:00', TRUE, 17),
    (168, 'Julián Andrés Herrera Mendoza', 'julian.herrera8@moderador.com', '$2a$12$8tF2mUCYXP.VbHFqCnyfN.//MqytPlClhGMq1nCboBXEuD7H9oGB.', 'ANALISTA', '2024-11-20 09:50:00', '2025-04-10 01:10:00', TRUE, 9),
    (169, 'Ana Paula Torres Ruiz', 'ana.torres9@soporte.com', '$2a$12$8tF2mUCYXP.VbHFqCnyfN.//MqytPlClhGMq1nCboBXEuD7H9oGB.', 'OPERADOR', '2023-05-25 11:40:00', '2025-04-09 19:20:00', TRUE, 5),
    (170, 'Sebastián Felipe Castro Pineda', 'sebastian.castro9@usuario.com', '$2a$12$8tF2mUCYXP.VbHFqCnyfN.//MqytPlClhGMq1nCboBXEuD7H9oGB.', 'OPERADOR', '2024-02-08 14:30:00', '2025-04-08 14:55:00', FALSE, 28),
    (171, 'Luciana Beatriz Vargas López', 'luciana.vargas9@usuario.com', '$2a$12$8tF2mUCYXP.VbHFqCnyfN.//MqytPlClhGMq1nCboBXEuD7H9oGB.', 'OPERADOR', '2023-09-18 15:40:00', '2025-04-09 13:15:00', TRUE, 2),
    (172, 'Mateo Daniel Ruiz Silva', 'mateo.ruiz9@admin.com', '$2a$12$8tF2mUCYXP.VbHFqCnyfN.//MqytPlClhGMq1nCboBXEuD7H9oGB.', 'ADMINISTRADOR', '2022-01-28 08:00:00', '2025-04-10 01:55:00', TRUE, 1),
    (173, 'Valentina Sofía Gómez Castro', 'valentina.gomez9@moderador.com', '$2a$12$8tF2mUCYXP.VbHFqCnyfN.//MqytPlClhGMq1nCboBXEuD7H9oGB.', 'ANALISTA', '2024-06-05 10:25:00', '2025-04-08 00:15:00', TRUE, 14),
    (174, 'Daniel Alejandro Mendoza Vargas', 'daniel.mendoza9@soporte.com', '$2a$12$8tF2mUCYXP.VbHFqCnyfN.//MqytPlClhGMq1nCboBXEuD7H9oGB.', 'OPERADOR', '2023-10-10 12:20:00', '2025-04-09 18:30:00', TRUE, 5),
    (175, 'Camila Renata Navarro López', 'camila.navarro10@usuario.com', '$2a$12$8tF2mUCYXP.VbHFqCnyfN.//MqytPlClhGMq1nCboBXEuD7H9oGB.', 'OPERADOR', '2024-04-18 13:50:00', '2025-04-07 10:40:00', TRUE, 21),
    (176, 'Lucas Santiago Pineda Ruiz', 'lucas.pineda10@usuario.com', '$2a$12$8tF2mUCYXP.VbHFqCnyfN.//MqytPlClhGMq1nCboBXEuD7H9oGB.', 'OPERADOR', '2023-12-08 14:35:00', '2025-04-09 15:45:00', TRUE, 36),
    (177, 'Sara Valentina Ortiz Gómez', 'sara.ortiz10@moderador.com', '$2a$12$8tF2mUCYXP.VbHFqCnyfN.//MqytPlClhGMq1nCboBXEuD7H9oGB.', 'ANALISTA', '2024-08-30 09:45:00', '2025-04-10 00:55:00', TRUE, 9),
    (178, 'Emilio José Silva Vargas', 'emilio.silva10@soporte.com', '$2a$12$8tF2mUCYXP.VbHFqCnyfN.//MqytPlClhGMq1nCboBXEuD7H9oGB.', 'OPERADOR', '2023-03-15 11:55:00', '2025-04-08 19:40:00', TRUE, 5),
    (179, 'Isabella Mariana López Castro', 'isabella.lopez11@usuario.com', '$2a$12$8tF2mUCYXP.VbHFqCnyfN.//MqytPlClhGMq1nCboBXEuD7H9oGB.', 'OPERADOR', '2024-05-28 14:10:00', '2025-04-09 12:30:00', FALSE, 17),
    (180, 'Julián Andrés Herrera Mendoza', 'julian.herrera9@usuario.com', '$2a$12$8tF2mUCYXP.VbHFqCnyfN.//MqytPlClhGMq1nCboBXEuD7H9oGB.', 'OPERADOR', '2023-07-22 15:25:00', '2025-04-08 11:15:00', TRUE, 2),
    (181, 'Ana Paula Torres Ruiz', 'ana.torres10@admin.com', '$2a$12$8tF2mUCYXP.VbHFqCnyfN.//MqytPlClhGMq1nCboBXEuD7H9oGB.', 'ADMINISTRADOR', '2022-04-05 07:40:00', '2025-04-10 02:25:00', TRUE, 1),
    (182, 'Sebastián Felipe Castro Pineda', 'sebastian.castro10@moderador.com', '$2a$12$8tF2mUCYXP.VbHFqCnyfN.//MqytPlClhGMq1nCboBXEuD7H9oGB.', 'ANALISTA', '2024-10-15 10:20:00', '2025-04-09 00:45:00', TRUE, 14),
    (183, 'Luciana Beatriz Vargas López', 'luciana.vargas10@soporte.com', '$2a$12$8tF2mUCYXP.VbHFqCnyfN.//MqytPlClhGMq1nCboBXEuD7H9oGB.', 'OPERADOR', '2023-11-18 12:05:00', '2025-04-07 20:15:00', TRUE, 5),
    (184, 'Mateo Daniel Ruiz Silva', 'mateo.ruiz10@usuario.com', '$2a$12$8tF2mUCYXP.VbHFqCnyfN.//MqytPlClhGMq1nCboBXEuD7H9oGB.', 'OPERADOR', '2024-01-30 14:50:00', '2025-04-09 17:50:00', TRUE, 21),
    (185, 'Valentina Sofía Gómez Castro', 'valentina.gomez10@usuario.com', '$2a$12$8tF2mUCYXP.VbHFqCnyfN.//MqytPlClhGMq1nCboBXEuD7H9oGB.', 'OPERADOR', '2023-05-08 15:35:00', '2025-04-08 13:40:00', TRUE, 36),
    (186, 'Daniel Alejandro Mendoza Vargas', 'daniel.mendoza10@moderador.com', '$2a$12$8tF2mUCYXP.VbHFqCnyfN.//MqytPlClhGMq1nCboBXEuD7H9oGB.', 'ANALISTA', '2024-09-12 09:55:00', '2025-04-10 01:00:00', TRUE, 9),
    (187, 'Camila Renata Navarro López', 'camila.navarro11@soporte.com', '$2a$12$8tF2mUCYXP.VbHFqCnyfN.//MqytPlClhGMq1nCboBXEuD7H9oGB.', 'OPERADOR', '2023-08-25 11:45:00', '2025-04-09 18:55:00', TRUE, 5),
    (188, 'Lucas Santiago Pineda Ruiz', 'lucas.pineda11@usuario.com', '$2a$12$8tF2mUCYXP.VbHFqCnyfN.//MqytPlClhGMq1nCboBXEuD7H9oGB.', 'OPERADOR', '2024-07-10 14:20:00', '2025-04-07 12:15:00', FALSE, 28),
    (189, 'Sara Valentina Ortiz Gómez', 'sara.ortiz11@usuario.com', '$2a$12$8tF2mUCYXP.VbHFqCnyfN.//MqytPlClhGMq1nCboBXEuD7H9oGB.', 'OPERADOR', '2023-02-18 15:30:00', '2025-04-09 16:10:00', TRUE, 17),
    (190, 'Emilio José Silva Vargas', 'emilio.silva11@admin.com', '$2a$12$8tF2mUCYXP.VbHFqCnyfN.//MqytPlClhGMq1nCboBXEuD7H9oGB.', 'ADMINISTRADOR', '2022-06-12 08:05:00', '2025-04-10 01:40:00', TRUE, 1),
    (191, 'Isabella Mariana López Castro', 'isabella.lopez12@moderador.com', '$2a$12$8tF2mUCYXP.VbHFqCnyfN.//MqytPlClhGMq1nCboBXEuD7H9oGB.', 'ANALISTA', '2024-04-05 10:35:00', '2025-04-08 23:35:00', TRUE, 14),
    (192, 'Julián Andrés Herrera Mendoza', 'julian.herrera10@soporte.com', '$2a$12$8tF2mUCYXP.VbHFqCnyfN.//MqytPlClhGMq1nCboBXEuD7H9oGB.', 'OPERADOR', '2023-10-22 12:25:00', '2025-04-09 19:50:00', TRUE, 5),
    (193, 'Ana Paula Torres Ruiz', 'ana.torres11@usuario.com', '$2a$12$8tF2mUCYXP.VbHFqCnyfN.//MqytPlClhGMq1nCboBXEuD7H9oGB.', 'OPERADOR', '2024-12-15 14:40:00', '2025-04-07 11:55:00', TRUE, 21),
    (194, 'Sebastián Felipe Castro Pineda', 'sebastian.castro11@usuario.com', '$2a$12$8tF2mUCYXP.VbHFqCnyfN.//MqytPlClhGMq1nCboBXEuD7H9oGB.', 'OPERADOR', '2023-09-30 15:20:00', '2025-04-09 14:30:00', TRUE, 36),
    (195, 'Luciana Beatriz Vargas López', 'luciana.vargas11@moderador.com', '$2a$12$8tF2mUCYXP.VbHFqCnyfN.//MqytPlClhGMq1nCboBXEuD7H9oGB.', 'ANALISTA', '2024-03-22 09:50:00', '2025-04-10 00:25:00', TRUE, 9),
    (196, 'Mateo Daniel Ruiz Silva', 'mateo.ruiz11@soporte.com', '$2a$12$8tF2mUCYXP.VbHFqCnyfN.//MqytPlClhGMq1nCboBXEuD7H9oGB.', 'OPERADOR', '2023-05-28 11:35:00', '2025-04-08 20:35:00', TRUE, 5),
    (197, 'Valentina Sofía Gómez Castro', 'valentina.gomez11@usuario.com', '$2a$12$8tF2mUCYXP.VbHFqCnyfN.//MqytPlClhGMq1nCboBXEuD7H9oGB.', 'OPERADOR', '2024-08-08 14:15:00', '2025-04-09 10:20:00', FALSE, 17),
    (198, 'Daniel Alejandro Mendoza Vargas', 'daniel.mendoza11@usuario.com', '$2a$12$8tF2mUCYXP.VbHFqCnyfN.//MqytPlClhGMq1nCboBXEuD7H9oGB.', 'OPERADOR', '2023-01-12 15:45:00', '2025-04-07 17:25:00', TRUE, 2),
    (199, 'Camila Renata Navarro López', 'camila.navarro12@admin.com', '$2a$12$8tF2mUCYXP.VbHFqCnyfN.//MqytPlClhGMq1nCboBXEuD7H9oGB.', 'ADMINISTRADOR', '2022-03-05 08:00:00', '2025-04-10 02:00:00', TRUE, 1),
    (200, 'Lucas Santiago Pineda Ruiz', 'lucas.pineda12@gerente.com', '$2a$12$8tF2mUCYXP.VbHFqCnyfN.//MqytPlClhGMq1nCboBXEuD7H9oGB.', 'AUDITOR', '2024-10-28 08:45:00', '2025-04-09 21:50:00', TRUE, 1);

INSERT INTO trida.dispositivos
    (id_dispositivo, id_cliente, tipo_dispositivo, identificador_unico,
     sistema_operativo, navegador, fecha_primer_uso, fecha_ultimo_uso)
VALUES
    (1, 1, 'Smartphone', 'a1b2c3d4-e5f6-7890-abcd-ef1234567890', 'Android 13', 'Chrome 114', '2021-03-15 10:00:00', '2024-01-10 18:32:00'),
    (2, 2, 'Laptop', 'b2c3d4e5-f6a7-8901-bcde-f01234567891', 'Windows 11', 'Edge 114', '2020-07-09 08:15:00', '2023-11-22 09:45:00'),
    (3, 3, 'Tablet', 'c3d4e5f6-a7b8-9012-cdef-012345678912', 'iPadOS 16', 'Safari 16', '2022-01-20 14:30:00', '2024-02-05 20:10:00'),
    (4, 4, 'Smartphone', 'd4e5f6a7-b8c9-0123-defa-123456789023', 'iOS 16', 'Safari 16', '2019-11-03 09:00:00', '2024-01-28 11:55:00'),
    (5, 5, 'Desktop', 'e5f6a7b8-c9d0-1234-efab-234567890134', 'macOS Ventura', 'Firefox 115', '2023-04-28 07:45:00', '2024-03-01 16:20:00'),
    (6, 6, 'Laptop', 'f6a7b8c9-d0e1-2345-fabc-345678901245', 'Windows 10', 'Chrome 112', '2021-08-31 11:00:00', '2023-09-14 13:40:00'),
    (7, 7, 'Smartphone', 'a7b8c9d0-e1f2-3456-abcd-456789012356', 'Android 12', 'Firefox 110', '2020-05-16 15:20:00', '2024-02-18 22:05:00'),
    (8, 8, 'Tablet', 'b8c9d0e1-f2a3-4567-bcde-567890123467', 'Android 13', 'Chrome 113', '2022-09-04 08:30:00', '2024-01-07 10:15:00'),
    (9, 9, 'Desktop', 'c9d0e1f2-a3b4-5678-cdef-678901234578', 'Ubuntu 22.04', 'Firefox 116', '2023-01-12 12:00:00', '2023-12-30 19:00:00'),
    (10, 10, 'Smartphone', 'd0e1f2a3-b4c5-6789-defa-789012345689', 'iOS 17', 'Safari 17', '2021-06-21 10:45:00', '2024-03-05 08:30:00'),
    (11, 11, 'Laptop', 'e1f2a3b4-c5d6-7890-efab-890123456790', 'macOS Sonoma', 'Safari 17', '2022-03-09 09:10:00', '2024-02-22 14:50:00'),
    (12, 12, 'Smartphone', 'f2a3b4c5-d6e7-8901-fabc-901234567801', 'Android 11', 'Chrome 109', '2020-12-26 16:00:00', '2023-08-18 07:30:00'),
    (13, 13, 'Desktop', 'a3b4c5d6-e7f8-9012-abcd-012345678912', 'Windows 11', 'Chrome 115', '2021-04-18 08:00:00', '2024-01-15 20:45:00'),
    (14, 14, 'Tablet', 'b4c5d6e7-f8a9-0123-bcde-123456789023', 'iPadOS 17', 'Safari 17', '2023-07-03 13:15:00', '2024-03-08 17:00:00'),
    (15, 15, 'Smartphone', 'c5d6e7f8-a9b0-1234-cdef-234567890134', 'Android 10', 'Samsung Internet 18', '2019-09-15 11:30:00', '2023-06-20 09:10:00'),
    (16, 16, 'Laptop', 'd6e7f8a9-b0c1-2345-defa-345678901245', 'Windows 10', 'Edge 113', '2022-11-29 14:00:00', '2024-02-10 11:25:00'),
    (17, 17, 'Smartphone', 'e7f8a9b0-c1d2-3456-efab-456789012356', 'iOS 15', 'Safari 15', '2021-02-10 10:30:00', '2023-10-31 23:59:00'),
    (18, 18, 'Desktop', 'f8a9b0c1-d2e3-4567-fabc-567890123467', 'Windows 11', 'Firefox 117', '2020-07-01 07:00:00', '2023-12-05 18:20:00'),
    (19, 19, 'Tablet', 'a9b0c1d2-e3f4-5678-abcd-678901234578', 'Android 13', 'Chrome 116', '2023-02-19 09:55:00', '2024-03-02 21:10:00'),
    (20, 20, 'Smartphone', 'b0c1d2e3-f4a5-6789-bcde-789012345689', 'iOS 16', 'Safari 16', '2021-10-06 11:00:00', '2024-01-20 15:35:00'),
    (21, 21, 'Laptop', 'c1d2e3f4-a5b6-7890-cdef-890123456790', 'macOS Monterey', 'Chrome 114', '2022-05-24 08:45:00', '2024-02-29 10:00:00'),
    (22, 22, 'Smartphone', 'd2e3f4a5-b6c7-8901-defa-901234567801', 'Android 13', 'Chrome 115', '2020-02-01 12:30:00', '2023-11-15 19:40:00'),
    (23, 23, 'Desktop', 'e3f4a5b6-c7d8-9012-efab-012345678912', 'Windows 11', 'Edge 115', '2023-08-12 07:30:00', '2024-03-10 08:50:00'),
    (24, 24, 'Tablet', 'f4a5b6c7-d8e9-0123-fabc-123456789023', 'iPadOS 15', 'Safari 15', '2021-07-20 14:00:00', '2023-09-05 16:30:00'),
    (25, 25, 'Smartphone', 'a5b6c7d8-e9f0-1234-abcd-234567890134', 'iOS 17', 'Safari 17', '2022-12-05 10:15:00', '2024-02-14 20:00:00'),
    (26, 26, 'Laptop', 'b6c7d8e9-f0a1-2345-bcde-345678901245', 'Ubuntu 20.04', 'Firefox 114', '2019-04-23 09:00:00', '2023-07-30 11:00:00'),
    (27, 27, 'Smartphone', 'c7d8e9f0-a1b2-3456-cdef-456789012356', 'Android 12', 'Opera 89', '2023-03-16 16:40:00', '2024-01-31 22:15:00'),
    (28, 28, 'Desktop', 'd8e9f0a1-b2c3-4567-defa-567890123467', 'Windows 10', 'Chrome 113', '2020-09-08 08:00:00', '2024-02-01 09:30:00'),
    (29, 29, 'Tablet', 'e9f0a1b2-c3d4-5678-efab-678901234578', 'iPadOS 16', 'Firefox 115', '2021-11-30 13:00:00', '2023-12-25 20:30:00'),
    (30, 30, 'Smartphone', 'f0a1b2c3-d4e5-6789-fabc-789012345689', 'Android 11', 'Samsung Internet 17', '2022-06-11 11:45:00', '2023-10-18 08:00:00'),
    (31, 31, 'Laptop', 'a1c3e5f7-b2d4-8012-abcd-f6789012345a', 'macOS Ventura', 'Safari 16', '2023-09-02 07:00:00', '2024-03-07 17:45:00'),
    (32, 32, 'Smartphone', 'b2d4f6a8-c3e5-9123-bcde-a789012345bb', 'iOS 16', 'Chrome 114', '2020-03-19 10:00:00', '2023-11-30 13:10:00'),
    (33, 33, 'Desktop', 'c3e5a7b9-d4f6-0234-cdef-b89012345ccc', 'Windows 11', 'Firefox 116', '2021-05-05 09:30:00', '2024-01-22 18:55:00'),
    (34, 34, 'Tablet', 'd4f6b8ca-e5a7-1345-defa-c90123456ddd', 'Android 13', 'Chrome 116', '2019-08-21 14:00:00', '2023-08-11 07:20:00'),
    (35, 35, 'Smartphone', 'e5a7c9db-f6b8-2456-efab-d01234567eee', 'iOS 15', 'Safari 15', '2021-06-15 10:30:00', '2024-02-20 21:00:00'),
    (36, 36, 'Laptop', 'f6b8daec-a7c9-3567-fabc-e12345678fff', 'Windows 10', 'Edge 112', '2022-09-29 08:15:00', '2023-12-19 14:40:00'),
    (37, 37, 'Smartphone', 'a7c9ebfd-b8da-4678-abcd-f23456789001', 'Android 12', 'Chrome 115', '2021-01-09 12:00:00', '2024-03-03 10:25:00'),
    (38, 38, 'Desktop', 'b8dafcae-c9eb-5789-bcde-034567890112', 'macOS Monterey', 'Firefox 113', '2020-05-02 07:45:00', '2023-09-28 19:10:00'),
    (39, 39, 'Tablet', 'c9ebadcf-dafc-6890-cdef-145678901223', 'iPadOS 17', 'Safari 17', '2022-02-15 09:00:00', '2024-02-08 16:00:00'),
    (40, 40, 'Smartphone', 'dafc9ed0-ebad-7901-defa-256789012334', 'Android 13', 'Opera 90', '2023-06-07 11:20:00', '2024-01-05 08:45:00'),
    (41, 41, 'Laptop', 'ebad8fe1-fc9e-8012-efab-367890123445', 'Windows 11', 'Chrome 116', '2020-04-12 08:30:00', '2024-02-25 12:00:00'),
    (42, 42, 'Smartphone', 'fc9e70f2-adbe-9123-fabc-478901234556', 'iOS 17', 'Safari 17', '2021-09-26 15:00:00', '2024-03-09 07:30:00'),
    (43, 43, 'Desktop', 'adbe81a3-bec9-0234-abcd-589012345667', 'Ubuntu 22.04', 'Firefox 117', '2022-07-04 10:10:00', '2024-01-18 20:20:00'),
    (44, 44, 'Tablet', 'bec992b4-cf0a-1345-bcde-690123456778', 'iPadOS 16', 'Safari 16', '2019-06-18 14:30:00', '2023-07-14 11:00:00'),
    (45, 45, 'Smartphone', 'cf0aa3c5-d0bb-2456-cdef-701234567889', 'Android 11', 'Chrome 112', '2023-10-21 09:45:00', '2024-03-11 22:30:00'),
    (46, 46, 'Laptop', 'd0bbb4d6-e1cc-3567-defa-812345678990', 'Windows 10', 'Edge 114', '2021-12-13 08:00:00', '2023-10-07 10:15:00'),
    (47, 47, 'Smartphone', 'e1ccc5e7-f2dd-4678-efab-923456789001', 'iOS 16', 'Safari 16', '2020-03-01 11:30:00', '2024-01-29 18:00:00'),
    (48, 48, 'Desktop', 'f2ddd6f8-a3ee-5789-fabc-034567890112', 'Windows 11', 'Chrome 115', '2022-08-09 07:00:00', '2024-02-12 09:10:00'),
    (49, 49, 'Tablet', 'a3eee7a9-b4ff-6890-abcd-145678901223', 'Android 13', 'Firefox 116', '2023-11-02 13:40:00', '2024-03-06 17:55:00'),
    (50, 50, 'Smartphone', 'b4fff8ba-c500-7901-bcde-256789012334', 'iOS 15', 'Safari 15', '2021-03-23 10:00:00', '2023-12-31 23:00:00'),
    (51, 51, 'Laptop', 'c50009cb-d611-8012-cdef-367890123445', 'macOS Sonoma', 'Safari 17', '2020-10-31 08:15:00', '2024-02-28 14:20:00'),
    (52, 52, 'Smartphone', 'd6111adc-e722-9123-defa-478901234556', 'Android 12', 'Chrome 113', '2022-04-06 12:30:00', '2023-11-08 07:00:00'),
    (53, 53, 'Desktop', 'e7222bed-f833-0234-efab-589012345667', 'Windows 11', 'Firefox 115', '2023-12-16 09:00:00', '2024-03-12 19:45:00'),
    (54, 54, 'Tablet', 'f8333cfe-a944-1345-fabc-690123456778', 'iPadOS 17', 'Safari 17', '2019-08-21 14:00:00', '2023-06-30 16:30:00'),
    (55, 55, 'Smartphone', 'a9444d0f-ba55-2456-abcd-701234567889', 'iOS 16', 'Chrome 114', '2021-06-15 11:00:00', '2023-12-15 21:00:00'),
    (56, 56, 'Laptop', 'ba555e10-cb66-3567-bcde-812345678990', 'Windows 10', 'Edge 115', '2022-09-29 08:30:00', '2024-01-03 10:00:00'),
    (57, 57, 'Smartphone', 'cb666f21-dc77-4678-cdef-923456789001', 'Android 13', 'Samsung Internet 19', '2020-05-04 15:15:00', '2024-02-17 08:20:00'),
    (58, 58, 'Desktop', 'dc778032-ed88-5789-defa-034567890112', 'macOS Ventura', 'Firefox 117', '2023-01-28 07:30:00', '2024-03-04 20:10:00'),
    (59, 59, 'Tablet', 'ed889143-fe99-6890-efab-145678901223', 'iPadOS 15', 'Safari 15', '2021-07-09 10:00:00', '2023-10-22 12:45:00'),
    (60, 60, 'Smartphone', 'fe99a254-0faa-7901-fabc-256789012334', 'Android 11', 'Opera 88', '2022-11-12 09:15:00', '2024-01-14 19:30:00'),
    (61, 61, 'Laptop', '0faab365-10bb-8012-abcd-367890123445', 'Windows 11', 'Chrome 116', '2020-07-26 08:00:00', '2023-12-20 11:00:00'),
    (62, 62, 'Smartphone', '10bbc476-21cc-9123-bcde-478901234556', 'iOS 17', 'Safari 17', '2021-05-01 11:30:00', '2024-02-05 22:50:00'),
    (63, 63, 'Desktop', '21ccd587-32dd-0234-cdef-589012345667', 'Ubuntu 20.04', 'Firefox 114', '2023-02-23 07:45:00', '2024-03-01 09:00:00'),
    (64, 64, 'Tablet', '32dde698-43ee-1345-defa-690123456778', 'Android 12', 'Chrome 112', '2019-10-11 14:20:00', '2023-09-01 15:15:00'),
    (65, 65, 'Smartphone', '43eef7a9-54ff-2456-efab-701234567889', 'iOS 15', 'Safari 15', '2022-06-19 10:30:00', '2024-01-25 18:40:00'),
    (66, 66, 'Laptop', '54ff08ba-650a-3567-fabc-812345678990', 'Windows 10', 'Edge 113', '2021-08-15 08:45:00', '2023-11-10 10:20:00'),
    (67, 67, 'Smartphone', '650a19cb-761b-4678-abcd-923456789001', 'Android 13', 'Chrome 115', '2020-03-06 12:00:00', '2024-02-03 07:55:00'),
    (68, 68, 'Desktop', '761b2adc-872c-5789-bcde-034567890112', 'Windows 11', 'Firefox 116', '2023-07-15 09:30:00', '2024-03-08 21:15:00'),
    (69, 69, 'Tablet', '872c3bed-983d-6890-cdef-145678901223', 'iPadOS 17', 'Safari 17', '2021-03-01 13:00:00', '2024-01-11 16:00:00'),
    (70, 70, 'Smartphone', '983d4cfe-a94e-7901-defa-256789012334', 'Android 10', 'Samsung Internet 16', '2022-10-04 11:15:00', '2023-10-31 08:30:00'),
    (71, 71, 'Laptop', 'a94e5d0f-ba5f-8012-efab-367890123445', 'macOS Monterey', 'Chrome 114', '2020-12-20 08:00:00', '2024-02-16 13:40:00'),
    (72, 72, 'Smartphone', 'ba5f6e10-cb60-9123-fabc-478901234556', 'iOS 16', 'Safari 16', '2021-05-18 10:15:00', '2024-03-10 20:00:00'),
    (73, 73, 'Desktop', 'cb607f21-dc71-0234-abcd-589012345667', 'Windows 11', 'Edge 115', '2023-03-09 07:30:00', '2024-01-27 09:50:00'),
    (74, 74, 'Tablet', 'dc718032-ed82-1345-bcde-690123456778', 'Android 13', 'Firefox 117', '2019-07-05 14:45:00', '2023-07-28 17:00:00'),
    (75, 75, 'Smartphone', 'ed829143-fe93-2456-cdef-701234567889', 'iOS 17', 'Safari 17', '2022-12-31 09:00:00', '2024-03-05 23:00:00'),
    (76, 76, 'Laptop', 'fe93a254-0fa4-3567-defa-812345678990', 'Windows 10', 'Chrome 112', '2021-10-22 08:30:00', '2023-09-19 11:10:00'),
    (77, 77, 'Smartphone', '0fa4b365-10b5-4678-efab-923456789001', 'Android 12', 'Opera 89', '2020-06-03 12:45:00', '2024-01-08 19:20:00'),
    (78, 78, 'Desktop', '10b5c476-21c6-5789-fabc-034567890112', 'macOS Sonoma', 'Safari 17', '2023-04-12 07:00:00', '2024-02-26 14:30:00'),
    (79, 79, 'Tablet', '21c6d587-32d7-6890-abcd-145678901223', 'iPadOS 16', 'Safari 16', '2021-09-16 10:00:00', '2023-12-10 12:20:00'),
    (80, 80, 'Smartphone', '32d7e698-43e8-7901-bcde-256789012334', 'iOS 15', 'Chrome 113', '2022-07-23 11:30:00', '2024-02-09 22:00:00'),
    (81, 81, 'Laptop', '43e8f7a9-54f9-8012-cdef-367890123445', 'Windows 11', 'Firefox 115', '2020-11-15 08:15:00', '2023-11-25 10:45:00'),
    (82, 82, 'Smartphone', '54f908ba-650a-9123-defa-478901234556', 'Android 13', 'Chrome 116', '2023-08-26 09:45:00', '2024-03-11 07:00:00'),
    (83, 83, 'Desktop', '650a19cb-761b-0234-efab-589012345667', 'Ubuntu 22.04', 'Firefox 116', '2021-02-01 07:00:00', '2024-01-30 20:55:00'),
    (84, 84, 'Tablet', '761b2adc-872c-1345-fabc-690123456778', 'iPadOS 17', 'Safari 17', '2022-05-06 14:00:00', '2024-02-22 16:10:00'),
    (85, 85, 'Smartphone', '872c3bed-983d-2456-abcd-701234567889', 'Android 10', 'Samsung Internet 15', '2019-11-29 10:30:00', '2023-06-05 09:00:00'),
    (86, 86, 'Laptop', '983d4cfe-a94e-3567-bcde-812345678990', 'macOS Ventura', 'Safari 16', '2023-09-19 08:00:00', '2024-03-02 11:30:00'),
    (87, 87, 'Smartphone', 'a94e5d0f-ba5f-4678-cdef-923456789001', 'iOS 17', 'Safari 17', '2020-04-08 12:15:00', '2024-01-17 21:40:00'),
    (88, 88, 'Desktop', 'ba5f6e10-cb60-5789-defa-034567890112', 'Windows 10', 'Edge 114', '2021-07-31 09:00:00', '2023-10-14 13:00:00'),
    (89, 89, 'Tablet', 'cb607f21-dc71-6890-efab-145678901223', 'Android 13', 'Chrome 115', '2022-03-21 13:30:00', '2024-02-04 18:30:00'),
    (90, 90, 'Smartphone', 'dc718032-ed82-7901-fabc-256789012334', 'iOS 16', 'Safari 16', '2023-07-01 11:00:00', '2024-03-07 08:00:00'),
    (91, 91, 'Laptop', 'ed829143-fe93-8012-abcd-367890123445', 'macOS Monterey', 'Firefox 117', '2020-09-17 08:30:00', '2023-12-08 15:20:00'),
    (92, 92, 'Smartphone', 'fe93a254-0fa4-9123-bcde-478901234556', 'Android 12', 'Chrome 114', '2021-11-09 10:45:00', '2024-01-23 19:15:00'),
    (93, 93, 'Desktop', '0fa4b365-10b5-0234-cdef-589012345667', 'Windows 11', 'Firefox 115', '2022-04-15 07:15:00', '2024-02-27 09:40:00'),
    (94, 94, 'Tablet', '10b5c476-21c6-1345-defa-690123456778', 'iPadOS 15', 'Safari 15', '2019-05-10 14:00:00', '2023-05-25 11:30:00'),
    (95, 95, 'Smartphone', '21c6d587-32d7-2456-efab-701234567889', 'iOS 17', 'Chrome 116', '2023-10-08 09:30:00', '2024-03-12 22:10:00'),
    (96, 96, 'Laptop', '32d7e698-43e8-3567-fabc-812345678990', 'Windows 11', 'Edge 115', '2021-06-27 08:00:00', '2023-11-18 10:00:00'),
    (97, 97, 'Smartphone', '43e8f7a9-54f9-4678-abcd-923456789001', 'Android 11', 'Opera 87', '2020-08-12 12:30:00', '2024-01-06 16:45:00'),
    (98, 98, 'Desktop', '54f908ba-650a-5789-bcde-034567890112', 'macOS Sonoma', 'Safari 17', '2022-02-02 07:45:00', '2024-02-19 13:00:00'),
    (99, 99, 'Tablet', '650a19cb-761b-6890-cdef-145678901223', 'Android 13', 'Firefox 116', '2023-11-23 13:10:00', '2024-03-09 20:30:00'),
    (100, 100, 'Smartphone', '761b2adc-872c-7901-defa-256789012334', 'iOS 16', 'Safari 16', '2021-04-04 11:00:00', '2023-12-28 08:55:00'),
    (101, 101, 'Laptop', '872c3bed-983d-8012-efab-367890123445', 'Windows 10', 'Chrome 113', '2020-10-29 08:45:00', '2024-01-09 11:20:00'),
    (102, 102, 'Smartphone', '983d4cfe-a94e-9123-fabc-478901234556', 'iOS 17', 'Safari 17', '2022-08-18 10:00:00', '2024-03-01 07:30:00'),
    (103, 103, 'Desktop', 'a94e5d0f-ba5f-0234-abcd-589012345667', 'Windows 11', 'Edge 114', '2023-01-06 07:30:00', '2024-02-07 19:00:00'),
    (104, 104, 'Tablet', 'ba5f6e10-cb60-1345-bcde-690123456778', 'iPadOS 16', 'Safari 16', '2022-01-01 14:00:00', '2024-01-31 22:40:00'),
    (105, 105, 'Smartphone', 'cb607f21-dc71-2456-cdef-701234567889', 'Android 12', 'Chrome 115', '2020-06-14 12:00:00', '2023-11-04 10:10:00'),
    (106, 106, 'Laptop', 'dc718032-ed82-3567-defa-812345678990', 'macOS Ventura', 'Firefox 114', '2022-12-09 08:00:00', '2024-02-15 15:35:00'),
    (107, 107, 'Smartphone', 'ed829143-fe93-4678-efab-923456789001', 'iOS 15', 'Safari 15', '2023-03-30 10:20:00', '2024-03-10 21:55:00'),
    (108, 108, 'Desktop', 'fe93a254-0fa4-5789-fabc-034567890112', 'Ubuntu 20.04', 'Firefox 113', '2019-09-02 07:00:00', '2023-08-07 09:30:00'),
    (109, 109, 'Tablet', '0fa4b365-10b5-6890-abcd-145678901223', 'Android 13', 'Chrome 116', '2021-08-08 13:30:00', '2023-12-22 17:20:00'),
    (110, 110, 'Smartphone', '10b5c476-21c6-7901-bcde-256789012334', 'iOS 16', 'Chrome 114', '2022-05-26 11:45:00', '2024-01-16 08:00:00'),
    (111, 111, 'Laptop', '21c6d587-32d7-8012-cdef-367890123445', 'Windows 11', 'Edge 116', '2020-02-15 08:30:00', '2024-02-24 12:15:00'),
    (112, 112, 'Smartphone', '32d7e698-43e8-9123-defa-478901234556', 'Android 11', 'Samsung Internet 18', '2023-07-20 09:00:00', '2024-03-05 18:00:00'),
    (113, 113, 'Desktop', '43e8f7a9-54f9-0234-efab-589012345667', 'macOS Sonoma', 'Safari 17', '2021-10-13 07:45:00', '2024-01-02 20:00:00'),
    (114, 114, 'Tablet', '54f908ba-650a-1345-fabc-690123456778', 'iPadOS 17', 'Safari 17', '2020-07-02 14:15:00', '2023-10-03 15:45:00'),
    (115, 115, 'Smartphone', '650a19cb-761b-2456-abcd-701234567889', 'Android 13', 'Opera 90', '2022-09-15 10:30:00', '2024-02-11 07:25:00'),
    (116, 116, 'Laptop', '761b2adc-872c-3567-bcde-812345678990', 'Windows 10', 'Chrome 112', '2023-12-02 08:15:00', '2024-03-11 13:50:00'),
    (117, 117, 'Smartphone', '872c3bed-983d-4678-cdef-923456789001', 'iOS 17', 'Safari 17', '2021-04-01 11:30:00', '2024-02-28 23:00:00'),
    (118, 118, 'Desktop', '983d4cfe-a94e-5789-defa-034567890112', 'Windows 11', 'Firefox 117', '2020-11-21 07:00:00', '2023-11-27 11:40:00'),
    (119, 119, 'Tablet', 'a94e5d0f-ba5f-6890-efab-145678901223', 'Android 12', 'Chrome 113', '2022-06-08 13:00:00', '2024-01-26 17:30:00'),
    (120, 120, 'Smartphone', 'ba5f6e10-cb60-7901-fabc-256789012334', 'iOS 16', 'Safari 16', '2023-04-05 09:15:00', '2024-03-08 19:10:00'),
    (121, 121, 'Laptop', 'cb607f21-dc71-8012-abcd-367890123445', 'macOS Monterey', 'Chrome 115', '2019-12-06 08:00:00', '2023-09-16 10:30:00'),
    (122, 122, 'Smartphone', 'dc718032-ed82-9123-bcde-478901234556', 'Android 13', 'Firefox 116', '2021-05-21 12:15:00', '2024-02-01 22:20:00'),
    (123, 123, 'Desktop', 'ed829143-fe93-0234-cdef-589012345667', 'Windows 11', 'Edge 115', '2022-10-29 07:30:00', '2024-03-04 09:00:00'),
    (124, 124, 'Tablet', 'fe93a254-0fa4-1345-defa-690123456778', 'iPadOS 16', 'Safari 16', '2020-03-26 14:30:00', '2023-12-17 14:00:00'),
    (125, 125, 'Smartphone', '0fa4b365-10b5-2456-efab-701234567889', 'iOS 15', 'Safari 15', '2023-08-15 10:00:00', '2024-03-06 07:15:00'),
    (126, 126, 'Laptop', '10b5c476-21c6-3567-fabc-812345678990', 'Windows 10', 'Firefox 115', '2021-09-11 08:45:00', '2023-10-25 11:00:00'),
    (127, 127, 'Smartphone', '21c6d587-32d7-4678-abcd-923456789001', 'Android 11', 'Chrome 114', '2020-05-20 12:30:00', '2024-01-12 19:50:00'),
    (128, 128, 'Desktop', '32d7e698-43e8-5789-bcde-034567890112', 'macOS Ventura', 'Safari 16', '2022-01-31 07:15:00', '2024-02-21 15:00:00'),
    (129, 129, 'Tablet', '43e8f7a9-54f9-6890-cdef-145678901223', 'Android 13', 'Chrome 116', '2023-05-10 13:45:00', '2024-03-09 21:30:00'),
    (130, 130, 'Smartphone', '54f908ba-650a-7901-defa-256789012334', 'iOS 16', 'Safari 16', '2021-11-05 11:00:00', '2023-12-06 08:20:00'),
    (131, 131, 'Laptop', '650a19cb-761b-8012-efab-367890123445', 'macOS Sonoma', 'Safari 17', '2022-07-13 08:00:00', '2024-02-13 12:40:00'),
    (132, 132, 'Smartphone', '761b2adc-872c-9123-fabc-478901234556', 'Android 12', 'Samsung Internet 17', '2019-03-17 10:30:00', '2023-07-20 09:45:00'),
    (133, 133, 'Desktop', '872c3bed-983d-0234-abcd-589012345667', 'Windows 11', 'Chrome 116', '2023-09-28 07:00:00', '2024-03-12 11:00:00'),
    (134, 134, 'Tablet', '983d4cfe-a94e-1345-bcde-690123456778', 'iPadOS 17', 'Safari 17', '2021-02-18 14:00:00', '2024-01-04 16:50:00'),
    (135, 135, 'Smartphone', 'a94e5d0f-ba5f-2456-cdef-701234567889', 'iOS 17', 'Chrome 115', '2020-08-05 12:00:00', '2024-02-06 07:00:00'),
    (136, 136, 'Laptop', 'ba5f6e10-cb60-3567-defa-812345678990', 'Windows 10', 'Edge 113', '2022-04-25 08:30:00', '2023-11-12 10:15:00'),
    (137, 137, 'Smartphone', 'cb607f21-dc71-4678-efab-923456789001', 'Android 13', 'Firefox 117', '2023-11-01 09:15:00', '2024-03-10 20:45:00'),
    (138, 138, 'Desktop', 'dc718032-ed82-5789-fabc-034567890112', 'Ubuntu 22.04', 'Firefox 114', '2020-01-16 07:45:00', '2024-01-19 21:30:00'),
    (139, 139, 'Tablet', 'ed829143-fe93-6890-abcd-145678901223', 'iPadOS 15', 'Safari 15', '2021-06-23 13:20:00', '2023-11-29 13:00:00'),
    (140, 140, 'Smartphone', 'fe93a254-0fa4-7901-bcde-256789012334', 'iOS 16', 'Safari 16', '2022-11-06 11:30:00', '2024-02-23 18:15:00'),
    (141, 141, 'Laptop', '0fa4b365-10b5-8012-cdef-367890123445', 'macOS Ventura', 'Chrome 114', '2023-01-19 08:15:00', '2024-03-07 12:00:00'),
    (142, 142, 'Smartphone', '10b5c476-21c6-9123-defa-478901234556', 'Android 11', 'Opera 89', '2020-04-22 12:45:00', '2023-12-13 07:30:00'),
    (143, 143, 'Desktop', '21c6d587-32d7-0234-efab-589012345667', 'Windows 11', 'Edge 116', '2021-12-20 07:00:00', '2024-01-21 09:20:00'),
    (144, 144, 'Tablet', '32d7e698-43e8-1345-fabc-690123456778', 'Android 13', 'Chrome 115', '2022-09-23 14:00:00', '2024-02-29 15:00:00'),
    (145, 145, 'Smartphone', '43e8f7a9-54f9-2456-abcd-701234567889', 'iOS 15', 'Safari 15', '2023-06-17 10:00:00', '2024-03-03 22:00:00'),
    (146, 146, 'Laptop', '54f908ba-650a-3567-bcde-812345678990', 'macOS Monterey', 'Firefox 116', '2019-08-31 08:00:00', '2023-08-24 10:50:00'),
    (147, 147, 'Smartphone', '650a19cb-761b-4678-cdef-923456789001', 'Android 12', 'Chrome 113', '2021-10-29 11:15:00', '2024-01-10 20:05:00'),
    (148, 148, 'Desktop', '761b2adc-872c-5789-defa-034567890112', 'Windows 10', 'Firefox 115', '2020-07-10 07:30:00', '2023-10-07 11:30:00'),
    (149, 149, 'Tablet', '872c3bed-983d-6890-efab-145678901223', 'iPadOS 17', 'Safari 17', '2022-03-15 13:00:00', '2024-02-10 17:45:00'),
    (150, 150, 'Smartphone', '983d4cfe-a94e-7901-fabc-256789012334', 'iOS 17', 'Safari 17', '2023-08-01 09:30:00', '2024-03-11 08:10:00'),
    (151, 151, 'Laptop', 'a94e5d0f-ba5f-8012-abcd-367890123445', 'Windows 11', 'Chrome 116', '2021-12-20 08:00:00', '2023-12-27 14:00:00'),
    (152, 152, 'Smartphone', 'ba5f6e10-cb60-9123-bcde-478901234556', 'Android 13', 'Samsung Internet 19', '2020-09-25 12:00:00', '2024-01-03 07:45:00'),
    (153, 153, 'Desktop', 'cb607f21-dc71-0234-cdef-589012345667', 'macOS Sonoma', 'Safari 17', '2022-06-30 07:15:00', '2024-02-17 11:20:00'),
    (154, 154, 'Tablet', 'dc718032-ed82-1345-defa-690123456778', 'iPadOS 16', 'Safari 16', '2023-02-11 14:30:00', '2024-03-06 18:45:00'),
    (155, 155, 'Smartphone', 'ed829143-fe93-2456-efab-701234567889', 'iOS 16', 'Chrome 115', '2021-04-26 10:45:00', '2024-01-28 22:30:00'),
    (156, 156, 'Laptop', 'fe93a254-0fa4-3567-fabc-812345678990', 'Windows 10', 'Edge 114', '2020-12-11 08:30:00', '2023-11-06 10:00:00'),
    (157, 157, 'Smartphone', '0fa4b365-10b5-4678-abcd-923456789001', 'Android 11', 'Firefox 113', '2022-10-12 12:15:00', '2024-02-08 19:00:00'),
    (158, 158, 'Desktop', '10b5c476-21c6-5789-bcde-034567890112', 'Windows 11', 'Chrome 114', '2023-11-19 07:00:00', '2024-03-09 09:30:00'),
    (159, 159, 'Tablet', '21c6d587-32d7-6890-cdef-145678901223', 'Android 13', 'Chrome 116', '2019-06-24 13:30:00', '2023-06-12 14:15:00'),
    (160, 160, 'Smartphone', '32d7e698-43e8-7901-defa-256789012334', 'iOS 15', 'Safari 15', '2021-08-19 11:00:00', '2023-12-01 08:00:00'),
    (161, 161, 'Laptop', '43e8f7a9-54f9-8012-efab-367890123445', 'macOS Ventura', 'Firefox 117', '2022-05-01 08:00:00', '2024-02-26 13:10:00'),
    (162, 162, 'Smartphone', '54f908ba-650a-9123-fabc-478901234556', 'Android 12', 'Chrome 113', '2020-06-09 12:30:00', '2024-01-13 20:45:00'),
    (163, 163, 'Desktop', '650a19cb-761b-0234-abcd-589012345667', 'Windows 11', 'Edge 115', '2023-08-07 07:45:00', '2024-03-12 10:00:00'),
    (164, 164, 'Tablet', '761b2adc-872c-1345-bcde-690123456778', 'iPadOS 17', 'Safari 17', '2021-11-24 14:00:00', '2024-01-07 17:30:00'),
    (165, 165, 'Smartphone', '872c3bed-983d-2456-cdef-701234567889', 'iOS 17', 'Safari 17', '2020-04-01 10:30:00', '2024-02-03 08:20:00'),
    (166, 166, 'Laptop', '983d4cfe-a94e-3567-defa-812345678990', 'Windows 10', 'Firefox 116', '2022-12-22 08:15:00', '2023-11-23 11:45:00'),
    (167, 167, 'Smartphone', 'a94e5d0f-ba5f-4678-efab-923456789001', 'Android 13', 'Opera 91', '2023-09-10 09:00:00', '2024-03-08 22:15:00'),
    (168, 168, 'Desktop', 'ba5f6e10-cb60-5789-fabc-034567890112', 'Ubuntu 22.04', 'Firefox 115', '2021-06-04 07:30:00', '2024-01-24 09:00:00'),
    (169, 169, 'Tablet', 'cb607f21-dc71-6890-abcd-145678901223', 'iPadOS 15', 'Safari 15', '2020-10-18 13:15:00', '2023-10-24 13:30:00'),
    (170, 170, 'Smartphone', 'dc718032-ed82-7901-bcde-256789012334', 'iOS 16', 'Chrome 114', '2022-01-14 11:30:00', '2024-02-18 19:45:00'),
    (171, 171, 'Laptop', 'ed829143-fe93-8012-cdef-367890123445', 'macOS Monterey', 'Safari 16', '2023-12-30 08:00:00', '2024-03-10 12:30:00'),
    (172, 172, 'Smartphone', 'fe93a254-0fa4-9123-defa-478901234556', 'Android 11', 'Samsung Internet 16', '2019-04-09 12:00:00', '2023-05-10 10:30:00'),
    (173, 173, 'Desktop', '0fa4b365-10b5-0234-efab-589012345667', 'Windows 11', 'Chrome 115', '2021-09-29 07:15:00', '2024-01-15 21:00:00'),
    (174, 174, 'Tablet', '10b5c476-21c6-1345-fabc-690123456778', 'Android 13', 'Firefox 117', '2022-07-09 13:45:00', '2024-02-07 16:20:00'),
    (175, 175, 'Smartphone', '21c6d587-32d7-2456-abcd-701234567889', 'iOS 15', 'Safari 15', '2020-11-03 10:00:00', '2023-12-21 07:10:00'),
    (176, 176, 'Laptop', '32d7e698-43e8-3567-bcde-812345678990', 'macOS Sonoma', 'Chrome 116', '2023-03-26 08:30:00', '2024-03-05 14:50:00'),
    (177, 177, 'Smartphone', '43e8f7a9-54f9-4678-cdef-923456789001', 'Android 12', 'Chrome 114', '2021-07-28 12:00:00', '2024-01-22 18:00:00'),
    (178, 178, 'Desktop', '54f908ba-650a-5789-defa-034567890112', 'Windows 10', 'Edge 113', '2022-11-18 07:00:00', '2023-11-05 10:25:00'),
    (179, 179, 'Tablet', '650a19cb-761b-6890-efab-145678901223', 'iPadOS 16', 'Safari 16', '2023-01-25 13:30:00', '2024-02-29 17:00:00'),
    (180, 180, 'Smartphone', '761b2adc-872c-7901-fabc-256789012334', 'iOS 17', 'Safari 17', '2020-05-31 11:15:00', '2024-03-11 09:40:00'),
    (181, 181, 'Laptop', '872c3bed-983d-8012-abcd-367890123445', 'Windows 11', 'Firefox 116', '2022-08-04 08:00:00', '2023-10-11 12:10:00'),
    (182, 182, 'Smartphone', '983d4cfe-a94e-9123-bcde-478901234556', 'Android 13', 'Chrome 116', '2023-06-23 09:45:00', '2024-03-07 20:00:00'),
    (183, 183, 'Desktop', 'a94e5d0f-ba5f-0234-cdef-589012345667', 'macOS Ventura', 'Safari 16', '2021-04-11 07:30:00', '2024-01-20 11:55:00'),
    (184, 184, 'Tablet', 'ba5f6e10-cb60-1345-defa-690123456778', 'iPadOS 17', 'Firefox 115', '2020-09-06 14:00:00', '2023-09-30 15:40:00'),
    (185, 185, 'Smartphone', 'cb607f21-dc71-2456-efab-701234567889', 'iOS 16', 'Safari 16', '2022-03-28 10:30:00', '2024-02-16 22:00:00'),
    (186, 186, 'Laptop', 'dc718032-ed82-3567-fabc-812345678990', 'Windows 10', 'Chrome 113', '2023-10-15 08:15:00', '2024-03-11 13:15:00'),
    (187, 187, 'Smartphone', 'ed829143-fe93-4678-abcd-923456789001', 'Android 10', 'Samsung Internet 15', '2019-07-20 12:30:00', '2023-07-01 08:00:00'),
    (188, 188, 'Desktop', 'fe93a254-0fa4-5789-bcde-034567890112', 'Ubuntu 20.04', 'Firefox 114', '2021-12-08 07:00:00', '2024-01-05 19:30:00'),
    (189, 189, 'Tablet', '0fa4b365-10b5-6890-cdef-145678901223', 'Android 13', 'Chrome 115', '2022-06-21 13:00:00', '2024-02-27 16:45:00'),
    (190, 190, 'Smartphone', '10b5c476-21c6-7901-defa-256789012334', 'iOS 17', 'Safari 17', '2020-12-29 11:00:00', '2024-03-09 07:50:00'),
    (191, 191, 'Laptop', '21c6d587-32d7-8012-efab-367890123445', 'macOS Monterey', 'Firefox 117', '2023-04-19 08:00:00', '2024-03-02 14:30:00'),
    (192, 192, 'Smartphone', '32d7e698-43e8-9123-fabc-478901234556', 'Android 12', 'Opera 88', '2021-08-25 12:15:00', '2023-12-14 09:00:00'),
    (193, 193, 'Desktop', '43e8f7a9-54f9-0234-abcd-589012345667', 'Windows 11', 'Edge 116', '2020-02-07 07:45:00', '2024-01-11 20:10:00'),
    (194, 194, 'Tablet', '54f908ba-650a-1345-bcde-690123456778', 'iPadOS 16', 'Safari 16', '2022-09-08 14:00:00', '2024-02-20 17:00:00'),
    (195, 195, 'Smartphone', '650a19cb-761b-2456-cdef-701234567889', 'iOS 16', 'Chrome 115', '2023-07-27 10:00:00', '2024-03-12 23:59:00'),
    (196, 196, 'Laptop', '761b2adc-872c-3567-defa-812345678990', 'Windows 10', 'Firefox 115', '2021-10-17 08:30:00', '2023-11-03 10:40:00'),
    (197, 197, 'Smartphone', '872c3bed-983d-4678-efab-923456789001', 'Android 13', 'Chrome 116', '2022-05-14 12:00:00', '2024-02-04 08:30:00'),
    (198, 198, 'Desktop', '983d4cfe-a94e-5789-fabc-034567890112', 'macOS Sonoma', 'Safari 17', '2020-07-23 07:15:00', '2024-01-18 11:00:00'),
    (199, 199, 'Tablet', 'a94e5d0f-ba5f-6890-abcd-145678901223', 'iPadOS 17', 'Safari 17', '2023-02-04 13:30:00', '2024-03-07 18:20:00'),
    (200, 200, 'Smartphone', 'ba5f6e10-cb60-7901-bcde-256789012334', 'Android 11', 'Firefox 116', '2021-05-12 11:45:00', '2024-03-01 07:00:00');

INSERT INTO trida.historico_de_ubicacion
    (id_ubicacion, id_dispositivo, direccion_ip, pais, ciudad,
     latitud, longitud, fecha_registro)
VALUES
    (1, 164, '114.12.140.63', 'Argentina', 'Buenos Aires', -34.427001, -57.98942, '2023-05-23 23:06:00'),
    (2, 23, '175.216.16.8', 'Colombia', 'Cali', 3.553619, -76.470755, '2023-08-12 07:32:00'),
    (3, 184, '183.214.112.115', 'España', 'Madrid', 40.722619, -3.505661, '2023-10-12 00:48:00'),
    (4, 88, '135.79.110.246', 'Chile', 'Santiago', -33.852184, -70.321806, '2023-04-15 02:24:00'),
    (5, 155, '133.22.235.138', 'Colombia', 'Barranquilla', 10.757078, -74.66776, '2024-01-23 02:35:00'),
    (6, 93, '173.98.35.12', 'Argentina', 'Buenos Aires', -34.248382, -58.015116, '2025-03-02 09:05:00'),
    (7, 98, '135.232.186.42', 'Venezuela', 'Caracas', 10.254978, -66.442545, '2023-12-30 06:42:00'),
    (8, 166, '109.87.125.42', 'Uruguay', 'Montevideo', -34.7611, -56.10755, '2024-01-24 08:59:00'),
    (9, 176, '141.28.117.211', 'Colombia', 'Medellín', 5.810389, -75.168064, '2023-11-20 12:17:00'),
    (10, 146, '212.161.108.168', 'Panamá', 'Ciudad de Panamá', 8.625272, -79.88027, '2024-02-10 20:29:00'),
    (11, 191, '171.134.219.230', 'España', 'Madrid', 40.914126, -4.065468, '2024-02-13 11:14:00'),
    (12, 127, '111.24.56.40', 'México', 'Guadalajara', 20.223228, -103.467981, '2024-11-27 13:38:00'),
    (13, 120, '167.128.5.175', 'Colombia', 'Barranquilla', 10.730725, -74.655438, '2024-11-29 17:48:00'),
    (14, 29, '137.222.80.117', 'Colombia', 'Bogotá', 5.182888, -73.810138, '2025-01-09 23:16:00'),
    (15, 130, '216.54.152.216', 'Costa Rica', 'San José', 9.802014, -84.429151, '2024-09-15 06:09:00'),
    (16, 200, '218.0.165.126', 'Colombia', 'Bogotá', 5.196321, -73.765325, '2023-04-25 11:56:00'),
    (17, 62, '107.123.40.22', 'Panamá', 'Ciudad de Panamá', 8.608161, -79.472349, '2023-07-18 15:44:00'),
    (18, 45, '189.45.112.78', 'México', 'Monterrey', 25.712345, -100.289123, '2024-03-05 09:22:00'),
    (19, 112, '172.16.45.89', 'Colombia', 'Cali', 3.890123, -76.234567, '2024-06-12 14:10:00'),
    (20, 78, '201.55.67.123', 'Chile', 'Santiago', -33.512345, -70.678901, '2023-09-28 18:55:00'),
    (21, 134, '190.24.156.34', 'Perú', 'Lima', -12.078901, -77.045678, '2024-10-15 11:30:00'),
    (22, 7, '181.67.89.210', 'Colombia', 'Medellín', 6.289012, -75.56789, '2023-11-03 07:45:00'),
    (23, 189, '148.92.34.67', 'Argentina', 'Córdoba', -31.678901, -64.345678, '2024-01-19 22:15:00'),
    (24, 56, '177.234.111.45', 'Venezuela', 'Caracas', 10.512345, -66.890123, '2025-02-14 13:20:00'),
    (25, 171, '168.45.67.89', 'Ecuador', 'Quito', -0.234567, -78.512345, '2024-04-08 10:05:00'),
    (26, 33, '194.123.45.67', 'Bolivia', 'La Paz', -16.512345, -68.123456, '2023-08-30 16:40:00'),
    (27, 198, '205.67.89.123', 'Uruguay', 'Montevideo', -34.890123, -56.234567, '2024-07-22 08:50:00'),
    (28, 12, '179.34.56.78', 'Colombia', 'Barranquilla', 10.890123, -74.890123, '2023-12-05 19:35:00'),
    (29, 87, '186.45.123.67', 'México', 'Ciudad de México', 19.456789, -99.123456, '2024-02-28 12:25:00'),
    (30, 145, '170.89.234.12', 'Panamá', 'Ciudad de Panamá', 8.978901, -79.56789, '2024-09-10 14:55:00'),
    (31, 67, '195.67.123.45', 'Costa Rica', 'San José', 9.934567, -84.089012, '2023-05-17 09:10:00'),
    (32, 109, '182.34.56.78', 'Guatemala', 'Ciudad de Guatemala', 14.634567, -90.512345, '2024-11-05 17:30:00'),
    (33, 22, '203.45.67.89', 'España', 'Madrid', 40.423456, -3.712345, '2023-10-29 11:15:00'),
    (34, 154, '177.123.45.67', 'Estados Unidos', 'Miami', 25.890123, -80.234567, '2024-03-20 20:40:00'),
    (35, 81, '169.78.90.12', 'Colombia', 'Bogotá', 4.678901, -74.123456, '2025-01-12 08:05:00'),
    (36, 199, '188.56.123.45', 'Chile', 'Santiago', -33.456789, -70.789012, '2024-06-03 15:50:00'),
    (37, 44, '192.34.56.78', 'Perú', 'Lima', -12.123456, -77.234567, '2023-09-15 13:25:00'),
    (38, 138, '175.89.234.12', 'Argentina', 'Buenos Aires', -34.56789, -58.456789, '2024-12-18 10:35:00'),
    (39, 9, '180.123.45.67', 'Colombia', 'Medellín', 6.234567, -75.678901, '2023-07-08 18:20:00'),
    (40, 176, '165.67.89.123', 'Venezuela', 'Caracas', 10.345678, -66.789012, '2024-04-25 07:55:00'),
    (41, 55, '209.45.67.89', 'Ecuador', 'Quito', -0.178901, -78.456789, '2023-11-14 16:10:00'),
    (42, 122, '173.234.56.78', 'Bolivia', 'La Paz', -16.456789, -68.234567, '2024-08-07 14:45:00'),
    (43, 188, '184.123.45.67', 'Uruguay', 'Montevideo', -34.789012, -56.345678, '2025-02-01 09:30:00'),
    (44, 71, '177.89.234.12', 'Colombia', 'Cali', 3.456789, -76.56789, '2023-06-19 21:40:00'),
    (45, 34, '196.45.67.89', 'México', 'Guadalajara', 20.678901, -103.345678, '2024-10-22 11:05:00'),
    (46, 167, '168.123.45.67', 'Panamá', 'Ciudad de Panamá', 8.890123, -79.234567, '2024-01-30 19:15:00'),
    (47, 103, '185.67.89.123', 'Costa Rica', 'San José', 9.789012, -84.123456, '2023-08-25 08:50:00'),
    (48, 2, '172.234.56.78', 'Argentina', 'Córdoba', -31.456789, -64.123456, '2024-05-12 17:35:00'),
    (49, 149, '201.45.67.89', 'Chile', 'Santiago', -33.234567, -70.890123, '2023-12-28 12:20:00'),
    (50, 86, '179.123.45.67', 'Perú', 'Lima', -12.345678, -77.123456, '2024-09-05 15:10:00'),
    (51, 115, '192.168.45.78', 'Colombia', 'Bogotá', 4.612345, -74.089012, '2024-02-18 14:35:00'),
    (52, 3, '181.234.67.89', 'México', 'Ciudad de México', 19.345678, -99.123456, '2023-07-29 09:20:00'),
    (53, 172, '201.45.123.67', 'Argentina', 'Buenos Aires', -34.56789, -58.345678, '2024-11-12 18:45:00'),
    (54, 64, '177.89.234.12', 'Chile', 'Valparaíso', -33.012345, -71.56789, '2023-10-05 11:10:00'),
    (55, 189, '165.123.45.67', 'Colombia', 'Medellín', 6.234567, -75.56789, '2024-03-22 16:55:00'),
    (56, 27, '209.67.89.123', 'Perú', 'Lima', -12.089012, -77.045678, '2023-09-14 08:30:00'),
    (57, 138, '173.234.56.78', 'Venezuela', 'Maracaibo', 10.678901, -71.789012, '2024-06-08 13:25:00'),
    (58, 91, '188.45.67.89', 'Ecuador', 'Guayaquil', -2.123456, -79.890123, '2024-01-15 10:40:00'),
    (59, 45, '184.123.45.67', 'Bolivia', 'Santa Cruz', -17.789012, -63.123456, '2023-12-03 19:15:00'),
    (60, 156, '170.89.234.12', 'Uruguay', 'Montevideo', -34.890123, -56.234567, '2024-05-27 07:50:00'),
    (61, 78, '195.67.123.45', 'Colombia', 'Cali', 3.456789, -76.678901, '2023-08-19 15:30:00'),
    (62, 112, '177.234.56.78', 'México', 'Monterrey', 25.678901, -100.234567, '2024-10-30 12:10:00'),
    (63, 19, '201.123.45.67', 'Argentina', 'Córdoba', -31.345678, -64.234567, '2023-11-25 09:45:00'),
    (64, 167, '179.45.67.89', 'Chile', 'Santiago', -33.56789, -70.789012, '2024-04-12 18:20:00'),
    (65, 34, '192.89.234.12', 'Colombia', 'Barranquilla', 10.890123, -74.789012, '2023-06-28 14:05:00'),
    (66, 143, '165.123.45.67', 'Panamá', 'Ciudad de Panamá', 8.978901, -79.56789, '2024-09-22 11:35:00'),
    (67, 88, '209.67.89.123', 'Costa Rica', 'San José', 9.934567, -84.089012, '2023-07-07 16:50:00'),
    (68, 51, '173.234.56.78', 'España', 'Madrid', 40.423456, -3.712345, '2024-02-05 08:15:00'),
    (69, 175, '188.45.67.89', 'Estados Unidos', 'Miami', 25.890123, -80.123456, '2023-10-18 13:40:00'),
    (70, 22, '184.123.45.67', 'Colombia', 'Bogotá', 4.712345, -74.234567, '2024-12-01 10:25:00'),
    (71, 198, '170.89.234.12', 'Venezuela', 'Caracas', 10.456789, -66.890123, '2023-05-14 19:55:00'),
    (72, 67, '195.67.123.45', 'Ecuador', 'Quito', -0.234567, -78.512345, '2024-08-03 07:30:00'),
    (73, 104, '177.234.56.78', 'Bolivia', 'La Paz', -16.56789, -68.123456, '2023-09-30 15:10:00'),
    (74, 139, '201.45.67.89', 'Uruguay', 'Montevideo', -34.789012, -56.345678, '2024-03-17 12:45:00'),
    (75, 8, '179.123.45.67', 'Colombia', 'Medellín', 6.345678, -75.678901, '2023-11-09 09:20:00'),
    (76, 182, '188.89.234.12', 'México', 'Guadalajara', 20.678901, -103.345678, '2024-07-25 18:35:00'),
    (77, 46, '165.234.56.78', 'Argentina', 'Buenos Aires', -34.56789, -58.456789, '2023-12-20 14:00:00'),
    (78, 121, '209.123.45.67', 'Chile', 'Santiago', -33.234567, -70.890123, '2024-01-28 11:15:00'),
    (79, 59, '173.45.67.89', 'Perú', 'Lima', -12.123456, -77.234567, '2023-06-15 16:50:00'),
    (80, 177, '184.89.234.12', 'Colombia', 'Cali', 3.890123, -76.56789, '2024-10-09 08:40:00'),
    (81, 31, '192.123.45.67', 'Venezuela', 'Valencia', 10.123456, -67.789012, '2023-08-22 13:25:00'),
    (82, 150, '170.67.89.123', 'Ecuador', 'Guayaquil', -2.456789, -79.890123, '2024-05-19 10:10:00'),
    (83, 74, '195.234.56.78', 'Bolivia', 'Santa Cruz', -17.345678, -63.234567, '2023-09-11 19:45:00'),
    (84, 106, '177.45.67.89', 'Uruguay', 'Montevideo', -34.678901, -56.234567, '2024-02-14 07:55:00'),
    (85, 13, '188.123.45.67', 'Colombia', 'Barranquilla', 10.789012, -74.890123, '2023-07-31 15:30:00'),
    (86, 168, '165.89.234.12', 'México', 'Monterrey', 25.56789, -100.345678, '2024-11-18 12:20:00'),
    (87, 42, '209.67.89.123', 'Argentina', 'Córdoba', -31.456789, -64.123456, '2023-10-27 09:05:00'),
    (88, 193, '173.234.56.78', 'Chile', 'Valparaíso', -33.012345, -71.56789, '2024-04-05 18:40:00'),
    (89, 85, '184.45.67.89', 'Colombia', 'Bogotá', 4.56789, -74.123456, '2023-12-12 14:15:00'),
    (90, 127, '170.123.45.67', 'Panamá', 'Ciudad de Panamá', 8.890123, -79.456789, '2024-06-30 11:50:00'),
    (91, 55, '195.89.234.12', 'Costa Rica', 'San José', 9.934567, -84.089012, '2023-05-08 16:35:00'),
    (92, 179, '177.234.56.78', 'España', 'Madrid', 40.345678, -3.789012, '2024-09-14 08:25:00'),
    (93, 96, '201.45.67.89', 'Estados Unidos', 'Miami', 25.789012, -80.234567, '2023-11-03 13:10:00'),
    (94, 24, '179.123.45.67', 'Colombia', 'Medellín', 6.456789, -75.56789, '2024-01-22 10:45:00'),
    (95, 141, '188.89.234.12', 'Venezuela', 'Caracas', 10.234567, -66.678901, '2023-08-17 19:20:00'),
    (96, 68, '165.67.89.123', 'Ecuador', 'Quito', -0.345678, -78.456789, '2024-07-12 07:35:00'),
    (97, 185, '209.234.56.78', 'Bolivia', 'La Paz', -16.456789, -68.123456, '2023-10-19 15:00:00'),
    (98, 37, '173.45.67.89', 'Uruguay', 'Montevideo', -34.56789, -56.789012, '2024-03-29 12:30:00'),
    (99, 162, '184.123.45.67', 'Colombia', 'Cali', 3.678901, -76.234567, '2023-06-05 09:15:00'),
    (100, 49, '170.89.234.12', 'México', 'Guadalajara', 20.56789, -103.456789, '2024-10-25 18:55:00'),
    (101, 133, '192.123.45.67', 'Argentina', 'Buenos Aires', -34.678901, -58.456789, '2024-02-09 14:40:00'),
    (102, 76, '165.67.89.123', 'Chile', 'Santiago', -33.345678, -70.678901, '2023-09-26 11:25:00'),
    (103, 194, '209.234.56.78', 'Perú', 'Lima', -12.234567, -77.123456, '2024-05-15 16:10:00'),
    (104, 11, '177.45.67.89', 'Colombia', 'Bogotá', 4.789012, -74.234567, '2023-12-28 08:50:00'),
    (105, 158, '188.123.45.67', 'Venezuela', 'Maracaibo', 10.56789, -71.678901, '2024-08-20 13:35:00'),
    (106, 82, '173.89.234.12', 'Ecuador', 'Guayaquil', -2.123456, -79.890123, '2023-07-18 10:20:00'),
    (107, 169, '201.67.89.123', 'Bolivia', 'Santa Cruz', -17.789012, -63.234567, '2024-11-07 19:05:00'),
    (108, 53, '179.234.56.78', 'Uruguay', 'Montevideo', -34.890123, -56.345678, '2023-10-14 07:45:00'),
    (109, 147, '184.45.67.89', 'Colombia', 'Barranquilla', 10.678901, -74.789012, '2024-04-03 15:30:00'),
    (110, 29, '170.123.45.67', 'México', 'Monterrey', 25.456789, -100.123456, '2023-11-30 12:15:00'),
    (111, 180, '195.89.234.12', 'Argentina', 'Córdoba', -31.234567, -64.456789, '2024-06-25 09:40:00'),
    (112, 95, '177.67.89.123', 'Chile', 'Valparaíso', -33.012345, -71.56789, '2023-08-12 18:25:00'),
    (113, 41, '209.234.56.78', 'Colombia', 'Medellín', 6.56789, -75.234567, '2024-01-19 14:10:00'),
    (114, 163, '173.45.67.89', 'Panamá', 'Ciudad de Panamá', 8.789012, -79.56789, '2023-09-08 11:55:00'),
    (115, 70, '188.123.45.67', 'Costa Rica', 'San José', 9.934567, -84.089012, '2024-07-22 16:40:00'),
    (116, 187, '165.89.234.12', 'España', 'Madrid', 40.56789, -3.678901, '2023-05-27 08:35:00'),
    (117, 14, '201.67.89.123', 'Estados Unidos', 'Miami', 25.678901, -80.234567, '2024-10-11 13:20:00'),
    (118, 129, '179.234.56.78', 'Colombia', 'Cali', 3.456789, -76.789012, '2023-12-05 10:05:00'),
    (119, 57, '184.45.67.89', 'Venezuela', 'Caracas', 10.345678, -66.56789, '2024-03-14 19:50:00'),
    (120, 172, '170.123.45.67', 'Ecuador', 'Quito', -0.234567, -78.512345, '2023-11-23 07:30:00'),
    (121, 38, '195.89.234.12', 'Bolivia', 'La Paz', -16.456789, -68.123456, '2024-08-28 15:15:00'),
    (122, 144, '177.67.89.123', 'Uruguay', 'Montevideo', -34.678901, -56.234567, '2023-06-19 12:40:00'),
    (123, 79, '209.234.56.78', 'Colombia', 'Bogotá', 4.678901, -74.123456, '2024-09-30 09:25:00'),
    (124, 110, '173.45.67.89', 'México', 'Guadalajara', 20.56789, -103.456789, '2023-07-15 18:10:00'),
    (125, 196, '188.123.45.67', 'Argentina', 'Buenos Aires', -34.890123, -58.345678, '2024-02-27 14:55:00'),
    (126, 25, '165.89.234.12', 'Chile', 'Santiago', -33.234567, -70.890123, '2023-10-22 11:20:00'),
    (127, 151, '201.67.89.123', 'Perú', 'Lima', -12.123456, -77.234567, '2024-05-08 16:05:00'),
    (128, 66, '179.234.56.78', 'Colombia', 'Barranquilla', 10.789012, -74.678901, '2023-08-31 08:50:00'),
    (129, 183, '184.45.67.89', 'Venezuela', 'Valencia', 10.123456, -67.890123, '2024-12-15 13:35:00'),
    (130, 48, '170.123.45.67', 'Ecuador', 'Guayaquil', -2.345678, -79.789012, '2023-09-19 10:30:00'),
    (131, 135, '195.89.234.12', 'Bolivia', 'Santa Cruz', -17.678901, -63.123456, '2024-04-20 19:15:00'),
    (132, 92, '177.67.89.123', 'Uruguay', 'Montevideo', -34.56789, -56.789012, '2023-11-12 07:45:00'),
    (133, 17, '209.234.56.78', 'Colombia', 'Medellín', 6.234567, -75.678901, '2024-07-05 15:00:00'),
    (134, 124, '173.45.67.89', 'México', 'Monterrey', 25.678901, -100.234567, '2023-06-10 12:25:00'),
    (135, 159, '188.123.45.67', 'Argentina', 'Córdoba', -31.56789, -64.234567, '2024-10-18 09:10:00'),
    (136, 80, '165.89.234.12', 'Chile', 'Valparaíso', -33.012345, -71.678901, '2023-12-29 18:55:00'),
    (137, 102, '201.67.89.123', 'Colombia', 'Cali', 3.789012, -76.456789, '2024-03-03 14:40:00'),
    (138, 36, '179.234.56.78', 'Panamá', 'Ciudad de Panamá', 8.890123, -79.678901, '2023-05-25 11:35:00'),
    (139, 173, '184.45.67.89', 'Costa Rica', 'San José', 9.934567, -84.123456, '2024-08-14 16:20:00'),
    (140, 61, '170.123.45.67', 'España', 'Madrid', 40.456789, -3.789012, '2023-10-07 08:05:00'),
    (141, 190, '195.89.234.12', 'Estados Unidos', 'Miami', 25.890123, -80.123456, '2024-01-31 13:50:00'),
    (142, 43, '177.67.89.123', 'Colombia', 'Bogotá', 4.56789, -74.234567, '2023-07-23 10:15:00'),
    (143, 128, '209.234.56.78', 'Venezuela', 'Caracas', 10.456789, -66.678901, '2024-11-20 19:40:00'),
    (144, 75, '173.45.67.89', 'Ecuador', 'Quito', -0.123456, -78.56789, '2023-09-04 07:30:00'),
    (145, 181, '188.123.45.67', 'Bolivia', 'La Paz', -16.678901, -68.234567, '2024-06-17 15:25:00'),
    (146, 99, '165.89.234.12', 'Uruguay', 'Montevideo', -34.789012, -56.456789, '2023-12-02 12:10:00'),
    (147, 20, '201.67.89.123', 'Colombia', 'Barranquilla', 10.678901, -74.890123, '2024-04-28 09:55:00'),
    (148, 152, '179.234.56.78', 'México', 'Guadalajara', 20.456789, -103.56789, '2023-08-09 18:40:00'),
    (149, 84, '184.45.67.89', 'Argentina', 'Buenos Aires', -34.56789, -58.678901, '2024-02-22 14:05:00'),
    (150, 165, '170.123.45.67', 'Chile', 'Santiago', -33.345678, -70.789012, '2023-10-30 11:50:00'),
    (151, 113, '194.67.123.45', 'Colombia', 'Barranquilla', 10.456789, -74.678901, '2024-07-15 10:25:00'),
    (152, 47, '182.234.56.78', 'México', 'Monterrey', 25.56789, -100.345678, '2023-10-08 18:40:00'),
    (153, 178, '169.123.45.67', 'España', 'Madrid', 40.56789, -3.678901, '2025-01-25 09:55:00'),
    (154, 65, '177.89.234.12', 'Estados Unidos', 'Miami', 25.678901, -80.123456, '2024-03-18 14:30:00'),
    (155, 192, '195.45.67.89', 'Colombia', 'Bogotá', 4.789012, -74.234567, '2023-11-29 20:15:00'),
    (156, 28, '173.123.45.67', 'Venezuela', 'Caracas', 10.678901, -66.456789, '2024-06-22 07:45:00'),
    (157, 141, '188.234.56.78', 'Ecuador', 'Quito', -0.345678, -78.678901, '2024-02-14 16:50:00'),
    (158, 79, '165.67.89.123', 'Bolivia', 'La Paz', -16.234567, -68.345678, '2023-09-03 11:35:00'),
    (159, 105, '209.45.67.89', 'Uruguay', 'Montevideo', -34.678901, -56.56789, '2024-12-10 19:20:00'),
    (160, 19, '177.123.45.67', 'Colombia', 'Medellín', 6.56789, -75.234567, '2023-05-27 08:10:00'),
    (161, 132, '184.89.234.12', 'Argentina', 'Buenos Aires', -34.789012, -58.678901, '2024-08-19 13:55:00'),
    (162, 58, '172.234.56.78', 'Chile', 'Santiago', -33.345678, -70.456789, '2024-01-07 17:40:00'),
    (163, 174, '201.123.45.67', 'Perú', 'Lima', -12.56789, -77.345678, '2023-10-31 12:25:00'),
    (164, 91, '179.67.89.123', 'México', 'Ciudad de México', 19.678901, -99.234567, '2024-04-16 15:10:00'),
    (165, 37, '168.45.67.89', 'Panamá', 'Ciudad de Panamá', 8.789012, -79.456789, '2025-02-20 09:35:00'),
    (166, 160, '195.234.56.78', 'Costa Rica', 'San José', 9.890123, -84.234567, '2023-12-15 18:50:00'),
    (167, 83, '173.123.45.67', 'Guatemala', 'Ciudad de Guatemala', 14.56789, -90.678901, '2024-07-09 07:20:00'),
    (168, 126, '188.89.234.12', 'España', 'Madrid', 40.678901, -3.56789, '2024-03-12 16:05:00'),
    (169, 51, '209.45.67.89', 'Colombia', 'Cali', 3.678901, -76.789012, '2023-11-06 11:30:00'),
    (170, 194, '177.123.45.67', 'Venezuela', 'Caracas', 10.234567, -66.56789, '2024-09-28 20:45:00'),
    (171, 68, '184.234.56.78', 'Ecuador', 'Quito', -0.123456, -78.890123, '2024-05-05 14:15:00'),
    (172, 15, '172.67.89.123', 'Bolivia', 'La Paz', -16.678901, -68.456789, '2023-08-14 09:55:00'),
    (173, 143, '201.45.67.89', 'Uruguay', 'Montevideo', -34.456789, -56.678901, '2024-10-23 18:40:00'),
    (174, 77, '179.123.45.67', 'Colombia', 'Barranquilla', 10.56789, -74.234567, '2023-06-30 13:25:00'),
    (175, 181, '188.89.234.12', 'México', 'Monterrey', 25.789012, -100.456789, '2024-02-03 07:10:00'),
    (176, 42, '165.234.56.78', 'Argentina', 'Buenos Aires', -34.890123, -58.234567, '2025-01-18 16:35:00'),
    (177, 159, '209.123.45.67', 'Chile', 'Santiago', -33.56789, -70.678901, '2023-09-22 12:20:00'),
    (178, 94, '177.67.89.123', 'Perú', 'Lima', -12.234567, -77.56789, '2024-07-01 15:05:00'),
    (179, 27, '184.45.67.89', 'Colombia', 'Bogotá', 4.890123, -74.345678, '2023-12-09 10:50:00'),
    (180, 150, '172.234.56.78', 'Venezuela', 'Caracas', 10.789012, -66.123456, '2024-04-27 19:30:00'),
    (181, 73, '201.123.45.67', 'Ecuador', 'Quito', -0.456789, -78.234567, '2023-11-19 08:15:00'),
    (182, 118, '179.89.234.12', 'Bolivia', 'La Paz', -16.345678, -68.678901, '2024-08-11 17:00:00'),
    (183, 6, '188.67.89.123', 'Uruguay', 'Montevideo', -34.56789, -56.789012, '2025-02-08 13:45:00'),
    (184, 185, '165.45.67.89', 'Colombia', 'Medellín', 6.678901, -75.456789, '2023-10-05 09:25:00'),
    (185, 49, '209.234.56.78', 'Argentina', 'Córdoba', -31.789012, -64.234567, '2024-01-14 18:10:00'),
    (186, 136, '177.123.45.67', 'Chile', 'Santiago', -33.678901, -70.345678, '2023-07-23 14:55:00'),
    (187, 82, '184.89.234.12', 'Perú', 'Lima', -12.456789, -77.678901, '2024-05-30 11:40:00'),
    (188, 168, '172.67.89.123', 'México', 'Ciudad de México', 19.890123, -99.456789, '2024-09-17 20:25:00'),
    (189, 21, '201.45.67.89', 'Panamá', 'Ciudad de Panamá', 8.678901, -79.789012, '2023-12-22 07:50:00'),
    (190, 114, '179.234.56.78', 'Costa Rica', 'San José', 9.56789, -84.345678, '2024-03-25 16:35:00'),
    (191, 89, '221.145.40.65', 'México', 'Monterrey', 25.31177, -100.513275, '2024-10-12 17:17:00'),
    (192, 137, '111.86.78.44', 'Estados Unidos', 'Miami', 26.10423, -80.128182, '2025-01-07 19:21:00'),
    (193, 8, '110.23.135.167', 'México', 'Monterrey', 25.804708, -100.785814, '2025-02-24 18:26:00'),
    (194, 161, '169.148.154.124', 'Argentina', 'Buenos Aires', -34.650156, -58.192986, '2024-12-02 12:19:00'),
    (195, 41, '156.212.247.119', 'México', 'Monterrey', 25.499182, -100.097737, '2023-12-15 19:09:00'),
    (196, 188, '210.176.204.34', 'Venezuela', 'Caracas', 10.307116, -66.912727, '2024-06-11 17:06:00'),
    (197, 69, '157.126.72.25', 'Colombia', 'Medellín', 6.359577, -75.83293, '2023-10-25 12:55:00'),
    (198, 41, '204.167.160.49', 'México', 'Guadalajara', 20.65846, -103.54106, '2024-05-25 16:29:00'),
    (199, 6, '111.201.234.248', 'Argentina', 'Buenos Aires', -35.055042, -58.600244, '2023-08-09 18:22:00'),
    (200, 153, '212.240.146.138', 'Colombia', 'Bogotá', 5.093456, -73.844592, '2023-04-21 13:08:00');

INSERT INTO trida.transacciones
    (id_transaccion, id_cliente, id_dispositivo, id_ubicacion, id_banco,
     tipo_transaccion, monto, cuenta_origen, cuenta_destino,
     fecha_transaccion, score_riesgo, estado_transaccion,
     es_fraude_real, tiempo_de_procesamiento, moneda, canal)
VALUES
    (1, 45, 67, 12, 2, 'TRANSFERENCIA', 1250000.5, 'COB1234567890123456', 'COB9876543210987654', '2024-11-15 09:32:45', 15.0, 'APROBADA', FALSE, 2450, 'COP', 'mobile'),
    (2, 12, 23, 45, 2, 'PAGO_SERVICIOS', 85000.0, 'COB1111222233334444', 'SERV123456789', '2024-11-16 14:20:10', 8.0, 'APROBADA', FALSE, 980, 'COP', 'web'),
    (3, 78, 145, 89, 2, 'COMPRA_ONLINE', 245.8, 'VISA4567891234567890', 'MERC123456', '2024-11-17 18:45:33', 65.0, 'ALERTADA', TRUE, 3200, 'USD', 'web'),
    (4, 23, 34, 67, 2, 'RETIRO_ATM', 500000.0, 'COB5555666677778888', 'ATM001234', '2024-11-18 11:15:22', 22.0, 'APROBADA', FALSE, 1500, 'COP', 'atm'),
    (5, 156, 78, 134, 3, 'TRANSFERENCIA', 3200.75, 'MXN9876543210987654', 'MXN1234567890123456', '2024-11-19 16:55:10', 12.0, 'APROBADA', FALSE, 1850, 'MXN', 'mobile'),
    (6, 89, 112, 23, 2, 'PAGO_SERVICIOS', 125000.0, 'COB9999888877776666', 'ELEC987654', '2024-11-20 08:10:45', 45.0, 'APROBADA', FALSE, 750, 'COP', 'web'),
    (7, 34, 56, 178, 2, 'COMPRA_ONLINE', 89.99, 'MAST1234567890123456', 'AMAZON456', '2024-11-21 20:30:15', 78.0, 'ALERTADA', TRUE, 4200, 'USD', 'web'),
    (8, 167, 89, 56, 3, 'DEPOSITO', 4500000.0, 'COB2222333344445555', 'COB2222333344445555', '2024-11-22 10:05:50', 5.0, 'APROBADA', FALSE, 3100, 'COP', 'branch'),
    (9, 5, 134, 91, 6, 'TRANSFERENCIA', 1850.0, 'USD1111222233334444', 'USD5555666677778888', '2024-11-23 13:40:25', 33.0, 'APROBADA', FALSE, 1650, 'USD', 'mobile'),
    (10, 112, 23, 145, 3, 'PAGO_SERVICIOS', 67000.0, 'COB6666777788889999', 'AGUA123456', '2024-11-24 09:55:40', 18.0, 'APROBADA', FALSE, 920, 'COP', 'web'),
    (11, 67, 178, 34, 2, 'RETIRO_ATM', 300000.0, 'COB4444555566667777', 'ATM005678', '2024-11-25 17:25:10', 55.0, 'ALERTADA', FALSE, 1400, 'COP', 'atm'),
    (12, 189, 45, 67, 3, 'COMPRA_ONLINE', 129.99, 'VISA9876543210987654', 'NETFLIX789', '2024-11-26 22:15:55', 82.0, 'ALERTADA', TRUE, 2850, 'USD', 'web'),
    (13, 23, 91, 112, 2, 'TRANSFERENCIA', 875000.5, 'COB7777888899990000', 'COB1111222233334444', '2024-11-27 11:40:30', 25.0, 'APROBADA', FALSE, 2100, 'COP', 'mobile'),
    (14, 145, 134, 23, 3, 'PAGO_SERVICIOS', 45000.0, 'COB3333444455556666', 'MOVIL987654', '2024-11-28 15:10:20', 12.0, 'APROBADA', FALSE, 850, 'COP', 'web'),
    (15, 78, 56, 189, 2, 'DEPOSITO', 1250000.0, 'COB8888999900001111', 'COB8888999900001111', '2024-11-29 08:35:45', 7.0, 'APROBADA', FALSE, 2950, 'COP', 'branch'),
    (16, 34, 167, 78, 2, 'TRANSFERENCIA', 450.25, 'EUR1234567890123456', 'EUR6543210987654321', '2024-11-30 19:50:10', 48.0, 'APROBADA', FALSE, 1750, 'EUR', 'mobile'),
    (17, 156, 12, 145, 3, 'COMPRA_ONLINE', 67.8, 'MAST5555666677778888', 'ALIEXPRESS', '2024-12-01 14:25:35', 91.0, 'BLOQUEADA', TRUE, 3650, 'USD', 'web'),
    (18, 89, 189, 56, 2, 'RETIRO_ATM', 750000.0, 'COB9999000011112222', 'ATM009876', '2024-12-02 10:55:20', 35.0, 'APROBADA', FALSE, 1320, 'COP', 'atm'),
    (19, 5, 78, 167, 6, 'PAGO_SERVICIOS', 98000.0, 'COB2222333344445555', 'LUZ654321', '2024-12-03 16:40:50', 19.0, 'APROBADA', FALSE, 1100, 'COP', 'web'),
    (20, 112, 145, 34, 3, 'TRANSFERENCIA', 2300.0, 'MXN5555666677778888', 'MXN9999000011112222', '2024-12-04 12:15:25', 28.0, 'APROBADA', FALSE, 1980, 'MXN', 'mobile'),
    (21, 67, 23, 91, 2, 'DEPOSITO', 3200000.0, 'COB6666777788889999', 'COB6666777788889999', '2024-12-05 09:05:40', 6.0, 'APROBADA', FALSE, 2800, 'COP', 'branch'),
    (22, 189, 134, 12, 3, 'COMPRA_ONLINE', 145.5, 'VISA2222333344445555', 'STEAM456', '2024-12-06 21:30:15', 72.0, 'ALERTADA', TRUE, 3100, 'USD', 'web'),
    (23, 23, 56, 178, 2, 'TRANSFERENCIA', 650000.75, 'COB7777888899990000', 'COB3333444455556666', '2024-12-07 13:50:30', 24.0, 'APROBADA', FALSE, 2050, 'COP', 'mobile'),
    (24, 145, 167, 45, 3, 'PAGO_SERVICIOS', 125000.0, 'COB4444555566667777', 'INTERNET123', '2024-12-08 11:25:45', 14.0, 'APROBADA', FALSE, 960, 'COP', 'web'),
    (25, 78, 89, 67, 2, 'RETIRO_ATM', 400000.0, 'COB8888999900001111', 'ATM003456', '2024-12-09 17:40:20', 42.0, 'APROBADA', FALSE, 1480, 'COP', 'atm'),
    (26, 34, 12, 134, 2, 'TRANSFERENCIA', 980.45, 'USD9999000011112222', 'USD7777888899990000', '2024-12-10 10:10:55', 51.0, 'ALERTADA', FALSE, 1720, 'USD', 'mobile'),
    (27, 156, 189, 23, 3, 'COMPRA_ONLINE', 320.0, 'MAST1111222233334444', 'MERCADOLIBRE', '2024-12-11 19:15:40', 88.0, 'ALERTADA', TRUE, 3950, 'USD', 'web'),
    (28, 89, 78, 91, 2, 'PAGO_SERVICIOS', 78000.0, 'COB2222333344445555', 'GAS987654', '2024-12-12 08:50:25', 17.0, 'APROBADA', FALSE, 880, 'COP', 'web'),
    (29, 5, 145, 56, 6, 'DEPOSITO', 8750000.0, 'COB6666777788889999', 'COB6666777788889999', '2024-12-13 15:35:10', 4.0, 'APROBADA', FALSE, 3250, 'COP', 'branch'),
    (30, 112, 34, 167, 3, 'TRANSFERENCIA', 1250.8, 'COP9999000011112222', 'COP5555666677778888', '2024-12-14 12:45:35', 29.0, 'APROBADA', FALSE, 1890, 'COP', 'mobile'),
    (31, 67, 91, 12, 2, 'RETIRO_ATM', 650000.0, 'COB3333444455556666', 'ATM007890', '2024-12-15 18:20:50', 38.0, 'APROBADA', FALSE, 1550, 'COP', 'atm'),
    (32, 189, 56, 178, 3, 'COMPRA_ONLINE', 75.99, 'VISA8888999900001111', 'SPOTIFY789', '2024-12-16 22:10:15', 67.0, 'ALERTADA', FALSE, 2750, 'USD', 'web'),
    (33, 23, 167, 45, 2, 'PAGO_SERVICIOS', 145000.0, 'COB7777888899990000', 'UNIVERSIDAD123', '2024-12-17 09:55:40', 21.0, 'APROBADA', FALSE, 1020, 'COP', 'web'),
    (34, 145, 12, 134, 3, 'TRANSFERENCIA', 5400.0, 'MXN2222333344445555', 'MXN6666777788889999', '2024-12-18 14:30:25', 31.0, 'APROBADA', FALSE, 2150, 'MXN', 'mobile'),
    (35, 78, 189, 67, 2, 'DEPOSITO', 2100000.0, 'COB4444555566667777', 'COB4444555566667777', '2024-12-19 11:15:10', 9.0, 'APROBADA', FALSE, 2680, 'COP', 'branch'),
    (36, 34, 78, 23, 2, 'COMPRA_ONLINE', 199.5, 'MAST9999000011112222', 'SHEIN456', '2024-12-20 20:45:35', 76.0, 'ALERTADA', TRUE, 3400, 'USD', 'web'),
    (37, 156, 145, 91, 3, 'TRANSFERENCIA', 980000.25, 'COB1111222233334444', 'COB8888999900001111', '2024-12-21 13:05:50', 26.0, 'APROBADA', FALSE, 1980, 'COP', 'mobile'),
    (38, 89, 34, 56, 2, 'PAGO_SERVICIOS', 92000.0, 'COB5555666677778888', 'INTERNET456', '2024-12-22 08:40:25', 16.0, 'APROBADA', FALSE, 910, 'COP', 'web'),
    (39, 5, 167, 178, 6, 'RETIRO_ATM', 1200000.0, 'COB2222333344445555', 'ATM002345', '2024-12-23 17:55:40', 44.0, 'APROBADA', FALSE, 1620, 'COP', 'atm'),
    (40, 112, 12, 145, 3, 'TRANSFERENCIA', 750.3, 'EUR5555666677778888', 'EUR9999000011112222', '2024-12-24 10:30:15', 39.0, 'APROBADA', FALSE, 1820, 'EUR', 'mobile'),
    (41, 67, 189, 34, 2, 'COMPRA_ONLINE', 450.0, 'VISA3333444455556666', 'ALIEXPRESS', '2024-12-25 19:20:50', 85.0, 'ALERTADA', TRUE, 4100, 'USD', 'web'),
    (42, 189, 56, 67, 3, 'PAGO_SERVICIOS', 68000.0, 'COB7777888899990000', 'AGUA789', '2024-12-26 09:10:35', 13.0, 'APROBADA', FALSE, 870, 'COP', 'web'),
    (43, 23, 134, 12, 2, 'DEPOSITO', 5600000.0, 'COB8888999900001111', 'COB8888999900001111', '2024-12-27 14:45:20', 8.0, 'APROBADA', FALSE, 3050, 'COP', 'branch'),
    (44, 145, 91, 178, 3, 'TRANSFERENCIA', 3200.0, 'USD4444555566667777', 'USD2222333344445555', '2024-12-28 16:35:45', 52.0, 'ALERTADA', FALSE, 1950, 'USD', 'mobile'),
    (45, 78, 23, 45, 2, 'RETIRO_ATM', 850000.0, 'COB9999000011112222', 'ATM006789', '2024-12-29 11:50:10', 29.0, 'APROBADA', FALSE, 1580, 'COP', 'atm'),
    (46, 34, 167, 91, 2, 'COMPRA_ONLINE', 520.75, 'MAST1111222233334444', 'EBAY123', '2024-12-30 21:15:30', 69.0, 'ALERTADA', FALSE, 3300, 'USD', 'web'),
    (47, 156, 78, 56, 3, 'PAGO_SERVICIOS', 115000.0, 'COB2222333344445555', 'COLEGIO456', '2024-12-31 08:25:55', 23.0, 'APROBADA', FALSE, 1050, 'COP', 'web'),
    (48, 89, 145, 134, 2, 'TRANSFERENCIA', 1875000.5, 'COB6666777788889999', 'COB3333444455556666', '2025-01-01 12:40:20', 27.0, 'APROBADA', FALSE, 2250, 'COP', 'mobile'),
    (49, 5, 12, 23, 6, 'DEPOSITO', 4250000.0, 'COB4444555566667777', 'COB4444555566667777', '2025-01-02 10:05:45', 11.0, 'APROBADA', FALSE, 2780, 'COP', 'branch'),
    (50, 112, 189, 67, 3, 'COMPRA_ONLINE', 35.99, 'VISA7777888899990000', 'SPOTIFY', '2025-01-03 19:55:10', 48.0, 'APROBADA', FALSE, 2650, 'USD', 'web'),
    (51, 67, 34, 145, 2, 'TRANSFERENCIA', 980000.0, 'COB1111222233334444', 'COB9999000011112222', '2025-01-04 13:30:35', 32.0, 'APROBADA', FALSE, 1920, 'COP', 'mobile'),
    (52, 189, 91, 12, 3, 'PAGO_SERVICIOS', 45000.0, 'COB5555666677778888', 'TELEFONO123', '2025-01-05 09:15:20', 15.0, 'APROBADA', FALSE, 780, 'COP', 'web'),
    (53, 23, 56, 178, 2, 'RETIRO_ATM', 950000.0, 'COB8888999900001111', 'ATM008901', '2025-01-06 17:40:50', 41.0, 'APROBADA', FALSE, 1490, 'COP', 'atm'),
    (54, 145, 167, 45, 3, 'COMPRA_ONLINE', 275.6, 'MAST2222333344445555', 'AMAZON', '2025-01-07 20:10:15', 74.0, 'ALERTADA', TRUE, 3550, 'USD', 'web'),
    (55, 78, 134, 91, 2, 'TRANSFERENCIA', 4200.0, 'EUR6666777788889999', 'EUR1111222233334444', '2025-01-08 11:55:40', 36.0, 'APROBADA', FALSE, 1680, 'EUR', 'mobile'),
    (56, 34, 23, 56, 2, 'DEPOSITO', 1850000.0, 'COB3333444455556666', 'COB3333444455556666', '2025-01-09 08:45:25', 10.0, 'APROBADA', FALSE, 2900, 'COP', 'branch'),
    (57, 156, 189, 134, 3, 'PAGO_SERVICIOS', 135000.0, 'COB7777888899990000', 'UNIVERSIDAD789', '2025-01-10 15:20:50', 19.0, 'APROBADA', FALSE, 980, 'COP', 'web'),
    (58, 89, 12, 67, 2, 'TRANSFERENCIA', 650.8, 'USD9999000011112222', 'USD5555666677778888', '2025-01-11 14:35:15', 45.0, 'APROBADA', FALSE, 1790, 'USD', 'mobile'),
    (59, 5, 145, 23, 6, 'COMPRA_ONLINE', 420.0, 'VISA4444555566667777', 'MERCADOPAGO', '2025-01-12 22:50:40', 81.0, 'ALERTADA', TRUE, 3800, 'USD', 'web'),
    (60, 112, 78, 189, 3, 'RETIRO_ATM', 550000.0, 'COB2222333344445555', 'ATM004567', '2025-01-13 10:25:55', 33.0, 'APROBADA', FALSE, 1520, 'COP', 'atm'),
    (61, 67, 56, 12, 2, 'TRANSFERENCIA', 2750000.5, 'COB6666777788889999', 'COB8888999900001111', '2025-01-14 13:10:30', 28.0, 'APROBADA', FALSE, 2180, 'COP', 'mobile'),
    (62, 189, 167, 178, 3, 'PAGO_SERVICIOS', 92000.0, 'COB9999000011112222', 'INTERNET789', '2025-01-15 09:40:15', 17.0, 'APROBADA', FALSE, 920, 'COP', 'web'),
    (63, 23, 134, 45, 2, 'DEPOSITO', 9800000.0, 'COB1111222233334444', 'COB1111222233334444', '2025-01-16 11:55:40', 6.0, 'APROBADA', FALSE, 3350, 'COP', 'branch'),
    (64, 145, 91, 67, 3, 'COMPRA_ONLINE', 185.75, 'MAST7777888899990000', 'SHEIN', '2025-01-17 19:30:25', 68.0, 'ALERTADA', FALSE, 2950, 'USD', 'web'),
    (65, 78, 23, 134, 2, 'TRANSFERENCIA', 1250.0, 'MXN3333444455556666', 'MXN7777888899990000', '2025-01-18 12:15:10', 24.0, 'APROBADA', FALSE, 1720, 'MXN', 'mobile'),
    (66, 34, 189, 56, 2, 'RETIRO_ATM', 1200000.0, 'COB4444555566667777', 'ATM001234', '2025-01-19 17:45:35', 37.0, 'APROBADA', FALSE, 1610, 'COP', 'atm'),
    (67, 156, 12, 91, 3, 'PAGO_SERVICIOS', 67000.0, 'COB5555666677778888', 'LUZ123', '2025-01-20 08:55:20', 14.0, 'APROBADA', FALSE, 830, 'COP', 'web'),
    (68, 89, 145, 23, 2, 'TRANSFERENCIA', 890.5, 'USD2222333344445555', 'USD6666777788889999', '2025-01-21 16:40:45', 42.0, 'APROBADA', FALSE, 1840, 'USD', 'mobile'),
    (69, 5, 78, 178, 6, 'COMPRA_ONLINE', 99.99, 'VISA8888999900001111', 'NETFLIX', '2025-01-22 21:10:30', 59.0, 'ALERTADA', FALSE, 2700, 'USD', 'web'),
    (70, 112, 56, 45, 3, 'DEPOSITO', 3450000.0, 'COB7777888899990000', 'COB7777888899990000', '2025-01-23 10:25:55', 9.0, 'APROBADA', FALSE, 3120, 'COP', 'branch'),
    (71, 67, 167, 12, 2, 'TRANSFERENCIA', 780000.75, 'COB3333444455556666', 'COB9999000011112222', '2025-01-24 14:50:20', 31.0, 'APROBADA', FALSE, 2030, 'COP', 'mobile'),
    (72, 189, 134, 91, 3, 'PAGO_SERVICIOS', 105000.0, 'COB1111222233334444', 'COLEGIO789', '2025-01-25 09:35:45', 22.0, 'APROBADA', FALSE, 1010, 'COP', 'web'),
    (73, 23, 23, 56, 2, 'RETIRO_ATM', 850000.0, 'COB8888999900001111', 'ATM005678', '2025-01-26 18:15:10', 46.0, 'APROBADA', FALSE, 1490, 'COP', 'atm'),
    (74, 145, 189, 134, 3, 'COMPRA_ONLINE', 420.8, 'MAST4444555566667777', 'MERCADOLIBRE', '2025-01-27 20:40:35', 79.0, 'ALERTADA', TRUE, 3650, 'USD', 'web'),
    (75, 78, 12, 67, 2, 'TRANSFERENCIA', 5600.0, 'EUR9999000011112222', 'EUR3333444455556666', '2025-01-28 13:05:50', 44.0, 'APROBADA', FALSE, 1680, 'EUR', 'mobile'),
    (76, 34, 145, 23, 2, 'DEPOSITO', 1250000.0, 'COB2222333344445555', 'COB2222333344445555', '2025-01-29 11:30:25', 12.0, 'APROBADA', FALSE, 2850, 'COP', 'branch'),
    (77, 156, 78, 178, 3, 'PAGO_SERVICIOS', 89000.0, 'COB6666777788889999', 'GAS456', '2025-01-30 08:20:40', 18.0, 'APROBADA', FALSE, 940, 'COP', 'web'),
    (78, 89, 56, 45, 2, 'TRANSFERENCIA', 2300.25, 'USD7777888899990000', 'USD1111222233334444', '2025-01-31 15:55:15', 53.0, 'ALERTADA', FALSE, 1790, 'USD', 'mobile'),
    (79, 5, 167, 91, 6, 'COMPRA_ONLINE', 65.5, 'VISA5555666677778888', 'UBER', '2025-02-01 22:10:50', 62.0, 'ALERTADA', FALSE, 2550, 'USD', 'web'),
    (80, 112, 134, 12, 3, 'RETIRO_ATM', 750000.0, 'COB3333444455556666', 'ATM009012', '2025-02-02 10:45:35', 39.0, 'APROBADA', FALSE, 1580, 'COP', 'atm'),
    (81, 67, 23, 189, 2, 'TRANSFERENCIA', 1450000.0, 'COB9999000011112222', 'COB4444555566667777', '2025-02-03 14:20:20', 27.0, 'APROBADA', FALSE, 2120, 'COP', 'mobile'),
    (82, 189, 91, 56, 3, 'PAGO_SERVICIOS', 125000.0, 'COB7777888899990000', 'INTERNET123', '2025-02-04 09:50:45', 21.0, 'APROBADA', FALSE, 990, 'COP', 'web'),
    (83, 23, 12, 134, 2, 'DEPOSITO', 6750000.0, 'COB8888999900001111', 'COB8888999900001111', '2025-02-05 11:15:30', 8.0, 'APROBADA', FALSE, 2980, 'COP', 'branch'),
    (84, 145, 189, 67, 3, 'COMPRA_ONLINE', 310.99, 'MAST2222333344445555', 'AMAZON', '2025-02-06 19:35:55', 71.0, 'ALERTADA', FALSE, 3100, 'USD', 'web'),
    (85, 78, 145, 23, 2, 'TRANSFERENCIA', 980.4, 'EUR1111222233334444', 'EUR7777888899990000', '2025-02-07 12:50:10', 35.0, 'APROBADA', FALSE, 1740, 'EUR', 'mobile'),
    (86, 34, 78, 91, 2, 'RETIRO_ATM', 980000.0, 'COB5555666677778888', 'ATM003210', '2025-02-08 17:25:35', 48.0, 'APROBADA', FALSE, 1510, 'COP', 'atm'),
    (87, 156, 56, 12, 3, 'PAGO_SERVICIOS', 78000.0, 'COB2222333344445555', 'MOVIL456', '2025-02-09 08:40:20', 16.0, 'APROBADA', FALSE, 850, 'COP', 'web'),
    (88, 89, 167, 178, 2, 'TRANSFERENCIA', 4500.0, 'USD6666777788889999', 'USD9999000011112222', '2025-02-10 16:05:45', 58.0, 'ALERTADA', FALSE, 1880, 'USD', 'mobile'),
    (89, 5, 134, 45, 6, 'COMPRA_ONLINE', 420.0, 'VISA3333444455556666', 'MERCADOPAGO', '2025-02-11 21:30:10', 83.0, 'ALERTADA', TRUE, 3750, 'USD', 'web'),
    (90, 112, 23, 67, 3, 'DEPOSITO', 2950000.0, 'COB4444555566667777', 'COB4444555566667777', '2025-02-12 10:55:35', 7.0, 'APROBADA', FALSE, 3020, 'COP', 'branch'),
    (91, 67, 189, 134, 2, 'TRANSFERENCIA', 875000.5, 'COB1111222233334444', 'COB7777888899990000', '2025-02-13 13:40:20', 29.0, 'APROBADA', FALSE, 2090, 'COP', 'mobile'),
    (92, 189, 12, 23, 3, 'PAGO_SERVICIOS', 56000.0, 'COB8888999900001111', 'AGUA789', '2025-02-14 09:20:45', 18.0, 'APROBADA', FALSE, 810, 'COP', 'web'),
    (93, 23, 145, 91, 2, 'RETIRO_ATM', 650000.0, 'COB9999000011112222', 'ATM006543', '2025-02-15 18:10:30', 44.0, 'APROBADA', FALSE, 1470, 'COP', 'atm'),
    (94, 145, 78, 56, 3, 'COMPRA_ONLINE', 520.75, 'MAST5555666677778888', 'SHEIN', '2025-02-16 20:45:55', 77.0, 'ALERTADA', TRUE, 3600, 'USD', 'web'),
    (95, 78, 167, 178, 2, 'TRANSFERENCIA', 1850.0, 'MXN4444555566667777', 'MXN8888999900001111', '2025-02-17 12:30:10', 26.0, 'APROBADA', FALSE, 1790, 'MXN', 'mobile'),
    (96, 34, 134, 12, 2, 'DEPOSITO', 4300000.0, 'COB3333444455556666', 'COB3333444455556666', '2025-02-18 11:05:35', 9.0, 'APROBADA', FALSE, 2850, 'COP', 'branch'),
    (97, 156, 23, 189, 3, 'PAGO_SERVICIOS', 98000.0, 'COB6666777788889999', 'LUZ123', '2025-02-19 08:50:20', 20.0, 'APROBADA', FALSE, 920, 'COP', 'web'),
    (98, 89, 91, 45, 2, 'TRANSFERENCIA', 750.8, 'USD7777888899990000', 'USD3333444455556666', '2025-02-20 15:15:45', 49.0, 'APROBADA', FALSE, 1810, 'USD', 'mobile'),
    (99, 5, 56, 67, 6, 'COMPRA_ONLINE', 145.99, 'VISA2222333344445555', 'UBER', '2025-02-21 22:40:10', 64.0, 'ALERTADA', FALSE, 2680, 'USD', 'web'),
    (100, 112, 167, 134, 3, 'RETIRO_ATM', 920000.0, 'COB4444555566667777', 'ATM007890', '2025-02-22 10:35:35', 38.0, 'APROBADA', FALSE, 1550, 'COP', 'atm'),
    (101, 67, 12, 23, 2, 'TRANSFERENCIA', 1650000.0, 'COB9999000011112222', 'COB5555666677778888', '2025-02-23 14:20:20', 30.0, 'APROBADA', FALSE, 2150, 'COP', 'mobile'),
    (102, 189, 145, 91, 3, 'PAGO_SERVICIOS', 135000.0, 'COB1111222233334444', 'COLEGIO456', '2025-02-24 09:55:45', 23.0, 'APROBADA', FALSE, 1050, 'COP', 'web'),
    (103, 23, 78, 56, 2, 'DEPOSITO', 7800000.0, 'COB8888999900001111', 'COB8888999900001111', '2025-02-25 11:40:30', 5.0, 'APROBADA', FALSE, 3200, 'COP', 'branch'),
    (104, 145, 134, 178, 3, 'COMPRA_ONLINE', 89.99, 'MAST6666777788889999', 'NETFLIX', '2025-02-26 20:15:55', 55.0, 'ALERTADA', FALSE, 2450, 'USD', 'web'),
    (105, 78, 23, 45, 2, 'TRANSFERENCIA', 4200.5, 'EUR4444555566667777', 'EUR8888999900001111', '2025-02-27 13:30:10', 41.0, 'APROBADA', FALSE, 1690, 'EUR', 'mobile'),
    (106, 34, 91, 67, 2, 'RETIRO_ATM', 1100000.0, 'COB2222333344445555', 'ATM001234', '2025-02-28 17:55:35', 47.0, 'APROBADA', FALSE, 1590, 'COP', 'atm'),
    (107, 156, 56, 12, 3, 'PAGO_SERVICIOS', 67000.0, 'COB7777888899990000', 'AGUA789', '2025-03-01 08:40:20', 15.0, 'APROBADA', FALSE, 830, 'COP', 'web'),
    (108, 89, 167, 189, 2, 'TRANSFERENCIA', 980.75, 'USD9999000011112222', 'USD2222333344445555', '2025-03-02 16:05:45', 52.0, 'ALERTADA', FALSE, 1830, 'USD', 'mobile'),
    (109, 5, 134, 23, 6, 'COMPRA_ONLINE', 520.0, 'VISA3333444455556666', 'MERCADOLIBRE', '2025-03-03 21:30:10', 79.0, 'ALERTADA', TRUE, 3550, 'USD', 'web'),
    (110, 112, 12, 91, 3, 'DEPOSITO', 2650000.0, 'COB4444555566667777', 'COB4444555566667777', '2025-03-04 10:25:35', 8.0, 'APROBADA', FALSE, 2950, 'COP', 'branch'),
    (111, 67, 145, 56, 2, 'TRANSFERENCIA', 950000.25, 'COB5555666677778888', 'COB9999000011112222', '2025-03-05 14:50:20', 33.0, 'APROBADA', FALSE, 2080, 'COP', 'mobile'),
    (112, 189, 78, 134, 3, 'PAGO_SERVICIOS', 112000.0, 'COB1111222233334444', 'INTERNET456', '2025-03-06 09:15:45', 19.0, 'APROBADA', FALSE, 970, 'COP', 'web'),
    (113, 23, 167, 23, 2, 'RETIRO_ATM', 780000.0, 'COB8888999900001111', 'ATM005678', '2025-03-07 18:40:30', 45.0, 'APROBADA', FALSE, 1530, 'COP', 'atm'),
    (114, 145, 134, 91, 3, 'COMPRA_ONLINE', 275.8, 'MAST7777888899990000', 'AMAZON', '2025-03-08 20:55:55', 73.0, 'ALERTADA', FALSE, 3150, 'USD', 'web'),
    (115, 78, 23, 12, 2, 'TRANSFERENCIA', 1850.0, 'MXN3333444455556666', 'MXN9999000011112222', '2025-03-09 12:10:10', 25.0, 'APROBADA', FALSE, 1760, 'MXN', 'mobile'),
    (116, 34, 91, 189, 2, 'DEPOSITO', 1580000.0, 'COB2222333344445555', 'COB2222333344445555', '2025-03-10 11:35:35', 11.0, 'APROBADA', FALSE, 2790, 'COP', 'branch'),
    (117, 156, 56, 45, 3, 'PAGO_SERVICIOS', 89000.0, 'COB6666777788889999', 'GAS123', '2025-03-11 08:50:20', 17.0, 'APROBADA', FALSE, 910, 'COP', 'web'),
    (118, 89, 167, 67, 2, 'TRANSFERENCIA', 3200.4, 'USD4444555566667777', 'USD8888999900001111', '2025-03-12 15:25:45', 48.0, 'APROBADA', FALSE, 1810, 'USD', 'mobile'),
    (119, 5, 134, 134, 6, 'COMPRA_ONLINE', 420.0, 'VISA9999000011112222', 'MERCADOPAGO', '2025-03-13 22:40:10', 82.0, 'ALERTADA', TRUE, 3850, 'USD', 'web'),
    (120, 112, 12, 23, 3, 'RETIRO_ATM', 1250000.0, 'COB3333444455556666', 'ATM009012', '2025-03-14 10:15:35', 36.0, 'APROBADA', FALSE, 1600, 'COP', 'atm'),
    (121, 67, 189, 91, 2, 'TRANSFERENCIA', 2150000.0, 'COB7777888899990000', 'COB1111222233334444', '2025-03-15 14:30:20', 29.0, 'APROBADA', FALSE, 2190, 'COP', 'mobile'),
    (122, 189, 78, 56, 3, 'PAGO_SERVICIOS', 98000.0, 'COB8888999900001111', 'COLEGIO789', '2025-03-16 09:40:45', 21.0, 'APROBADA', FALSE, 950, 'COP', 'web'),
    (123, 23, 145, 178, 2, 'DEPOSITO', 8950000.0, 'COB4444555566667777', 'COB4444555566667777', '2025-03-17 11:55:30', 7.0, 'APROBADA', FALSE, 3280, 'COP', 'branch'),
    (124, 145, 23, 45, 3, 'COMPRA_ONLINE', 99.99, 'MAST2222333344445555', 'SPOTIFY', '2025-03-18 19:20:55', 58.0, 'ALERTADA', FALSE, 2500, 'USD', 'web'),
    (125, 78, 91, 67, 2, 'TRANSFERENCIA', 1250.8, 'EUR5555666677778888', 'EUR9999000011112222', '2025-03-19 12:45:10', 39.0, 'APROBADA', FALSE, 1720, 'EUR', 'mobile'),
    (126, 34, 56, 12, 2, 'RETIRO_ATM', 1350000.0, 'COB9999000011112222', 'ATM001234', '2025-03-20 17:30:35', 51.0, 'ALERTADA', FALSE, 1640, 'COP', 'atm'),
    (127, 156, 167, 189, 3, 'PAGO_SERVICIOS', 67000.0, 'COB3333444455556666', 'MOVIL123', '2025-03-21 08:25:20', 14.0, 'APROBADA', FALSE, 820, 'COP', 'web'),
    (128, 89, 134, 23, 2, 'TRANSFERENCIA', 4500.0, 'USD6666777788889999', 'USD1111222233334444', '2025-03-22 16:10:45', 55.0, 'ALERTADA', FALSE, 1870, 'USD', 'mobile'),
    (129, 5, 12, 91, 6, 'COMPRA_ONLINE', 520.0, 'VISA7777888899990000', 'ALIEXPRESS', '2025-03-23 21:35:10', 76.0, 'ALERTADA', TRUE, 3650, 'USD', 'web'),
    (130, 112, 189, 56, 3, 'DEPOSITO', 1850000.0, 'COB2222333344445555', 'COB2222333344445555', '2025-03-24 10:50:35', 10.0, 'APROBADA', FALSE, 2750, 'COP', 'branch'),
    (131, 67, 78, 134, 2, 'TRANSFERENCIA', 980000.75, 'COB8888999900001111', 'COB5555666677778888', '2025-03-25 14:15:20', 34.0, 'APROBADA', FALSE, 2050, 'COP', 'mobile'),
    (132, 189, 145, 23, 3, 'PAGO_SERVICIOS', 145000.0, 'COB4444555566667777', 'UNIVERSIDAD123', '2025-03-26 09:30:45', 24.0, 'APROBADA', FALSE, 1080, 'COP', 'web'),
    (133, 23, 56, 91, 2, 'RETIRO_ATM', 920000.0, 'COB9999000011112222', 'ATM006543', '2025-03-27 18:05:30', 42.0, 'APROBADA', FALSE, 1520, 'COP', 'atm'),
    (134, 145, 167, 12, 3, 'COMPRA_ONLINE', 275.6, 'MAST3333444455556666', 'SHEIN', '2025-03-28 20:50:55', 69.0, 'ALERTADA', FALSE, 3050, 'USD', 'web'),
    (135, 78, 134, 189, 2, 'TRANSFERENCIA', 3200.0, 'MXN7777888899990000', 'MXN2222333344445555', '2025-03-29 13:25:10', 28.0, 'APROBADA', FALSE, 1780, 'MXN', 'mobile'),
    (136, 34, 23, 45, 2, 'DEPOSITO', 4250000.0, 'COB1111222233334444', 'COB1111222233334444', '2025-03-30 11:40:35', 9.0, 'APROBADA', FALSE, 2920, 'COP', 'branch'),
    (137, 156, 91, 67, 3, 'PAGO_SERVICIOS', 112000.0, 'COB6666777788889999', 'GAS456', '2025-03-31 08:55:20', 19.0, 'APROBADA', FALSE, 970, 'COP', 'web'),
    (138, 89, 56, 134, 2, 'TRANSFERENCIA', 980.4, 'USD9999000011112222', 'USD4444555566667777', '2025-04-01 15:40:45', 47.0, 'APROBADA', FALSE, 1820, 'USD', 'mobile'),
    (139, 5, 167, 23, 6, 'COMPRA_ONLINE', 145.99, 'VISA2222333344445555', 'UBER', '2025-04-02 22:15:10', 61.0, 'ALERTADA', FALSE, 2600, 'USD', 'web'),
    (140, 112, 12, 91, 3, 'RETIRO_ATM', 1350000.0, 'COB3333444455556666', 'ATM007890', '2025-04-03 10:30:35', 40.0, 'APROBADA', FALSE, 1570, 'COP', 'atm'),
    (141, 67, 189, 56, 2, 'TRANSFERENCIA', 1950000.0, 'COB7777888899990000', 'COB8888999900001111', '2025-04-04 14:55:20', 31.0, 'APROBADA', FALSE, 2210, 'COP', 'mobile'),
    (142, 189, 78, 134, 3, 'PAGO_SERVICIOS', 89000.0, 'COB9999000011112222', 'LUZ789', '2025-04-05 09:20:45', 16.0, 'APROBADA', FALSE, 890, 'COP', 'web'),
    (143, 23, 145, 12, 2, 'DEPOSITO', 6750000.0, 'COB4444555566667777', 'COB4444555566667777', '2025-04-06 11:45:30', 6.0, 'APROBADA', FALSE, 3150, 'COP', 'branch'),
    (144, 145, 23, 189, 3, 'COMPRA_ONLINE', 99.99, 'MAST5555666677778888', 'NETFLIX', '2025-04-07 19:10:55', 52.0, 'ALERTADA', FALSE, 2400, 'USD', 'web'),
    (145, 78, 91, 45, 2, 'TRANSFERENCIA', 1250.8, 'EUR6666777788889999', 'EUR1111222233334444', '2025-04-08 12:35:10', 37.0, 'APROBADA', FALSE, 1700, 'EUR', 'mobile'),
    (146, 34, 56, 67, 2, 'RETIRO_ATM', 980000.0, 'COB2222333344445555', 'ATM001234', '2025-04-09 17:50:35', 43.0, 'APROBADA', FALSE, 1540, 'COP', 'atm'),
    (147, 156, 167, 134, 3, 'PAGO_SERVICIOS', 67000.0, 'COB1111222233334444', 'MOVIL456', '2025-04-10 08:25:20', 13.0, 'APROBADA', FALSE, 810, 'COP', 'web'),
    (148, 89, 12, 23, 2, 'TRANSFERENCIA', 4500.0, 'USD3333444455556666', 'USD7777888899990000', '2025-04-11 15:40:45', 54.0, 'ALERTADA', FALSE, 1860, 'USD', 'mobile'),
    (149, 5, 189, 91, 6, 'COMPRA_ONLINE', 520.0, 'VISA8888999900001111', 'MERCADOLIBRE', '2025-04-12 22:15:10', 80.0, 'ALERTADA', TRUE, 3700, 'USD', 'web'),
    (150, 112, 78, 56, 3, 'DEPOSITO', 2350000.0, 'COB5555666677778888', 'COB5555666677778888', '2025-04-13 10:30:35', 11.0, 'APROBADA', FALSE, 2880, 'COP', 'branch'),
    (151, 67, 145, 178, 2, 'TRANSFERENCIA', 980000.75, 'COB9999000011112222', 'COB2222333344445555', '2025-04-14 14:25:20', 32.0, 'APROBADA', FALSE, 2040, 'COP', 'mobile'),
    (152, 189, 23, 45, 3, 'PAGO_SERVICIOS', 125000.0, 'COB7777888899990000', 'UNIVERSIDAD789', '2025-04-15 09:50:45', 22.0, 'APROBADA', FALSE, 1020, 'COP', 'web'),
    (153, 23, 91, 67, 2, 'RETIRO_ATM', 650000.0, 'COB4444555566667777', 'ATM005678', '2025-04-16 18:35:30', 46.0, 'APROBADA', FALSE, 1480, 'COP', 'atm'),
    (154, 145, 56, 12, 3, 'COMPRA_ONLINE', 275.6, 'MAST1111222233334444', 'AMAZON', '2025-04-17 20:50:55', 75.0, 'ALERTADA', FALSE, 3100, 'USD', 'web'),
    (155, 78, 167, 189, 2, 'TRANSFERENCIA', 1850.0, 'MXN9999000011112222', 'MXN4444555566667777', '2025-04-18 13:15:10', 27.0, 'APROBADA', FALSE, 1750, 'MXN', 'mobile'),
    (156, 34, 134, 23, 2, 'DEPOSITO', 1580000.0, 'COB8888999900001111', 'COB8888999900001111', '2025-04-19 11:40:35', 10.0, 'APROBADA', FALSE, 2790, 'COP', 'branch'),
    (157, 156, 12, 91, 3, 'PAGO_SERVICIOS', 112000.0, 'COB3333444455556666', 'GAS123', '2025-04-20 08:55:20', 20.0, 'APROBADA', FALSE, 960, 'COP', 'web'),
    (158, 89, 189, 56, 2, 'TRANSFERENCIA', 980.4, 'USD7777888899990000', 'USD2222333344445555', '2025-04-21 15:30:45', 49.0, 'APROBADA', FALSE, 1820, 'USD', 'mobile'),
    (159, 5, 78, 134, 6, 'COMPRA_ONLINE', 420.0, 'VISA5555666677778888', 'MERCADOPAGO', '2025-04-22 22:15:10', 81.0, 'ALERTADA', TRUE, 3800, 'USD', 'web'),
    (160, 112, 145, 67, 3, 'RETIRO_ATM', 1350000.0, 'COB2222333344445555', 'ATM009012', '2025-04-23 10:40:35', 41.0, 'APROBADA', FALSE, 1590, 'COP', 'atm'),
    (161, 67, 23, 12, 2, 'TRANSFERENCIA', 2450000.0, 'COB6666777788889999', 'COB9999000011112222', '2025-04-24 14:55:20', 30.0, 'APROBADA', FALSE, 2220, 'COP', 'mobile'),
    (162, 189, 91, 189, 3, 'PAGO_SERVICIOS', 98000.0, 'COB1111222233334444', 'LUZ456', '2025-04-25 09:30:45', 18.0, 'APROBADA', FALSE, 930, 'COP', 'web'),
    (163, 23, 56, 45, 2, 'DEPOSITO', 8950000.0, 'COB4444555566667777', 'COB4444555566667777', '2025-04-26 11:25:30', 7.0, 'APROBADA', FALSE, 3300, 'COP', 'branch'),
    (164, 145, 167, 67, 3, 'COMPRA_ONLINE', 99.99, 'MAST8888999900001111', 'SPOTIFY', '2025-04-27 19:40:55', 53.0, 'ALERTADA', FALSE, 2450, 'USD', 'web'),
    (165, 78, 134, 23, 2, 'TRANSFERENCIA', 1250.8, 'EUR3333444455556666', 'EUR7777888899990000', '2025-04-28 12:50:10', 38.0, 'APROBADA', FALSE, 1710, 'EUR', 'mobile'),
    (166, 34, 12, 91, 2, 'RETIRO_ATM', 980000.0, 'COB5555666677778888', 'ATM001234', '2025-04-29 17:35:35', 44.0, 'APROBADA', FALSE, 1530, 'COP', 'atm'),
    (167, 156, 189, 56, 3, 'PAGO_SERVICIOS', 67000.0, 'COB9999000011112222', 'MOVIL789', '2025-04-30 08:20:20', 15.0, 'APROBADA', FALSE, 820, 'COP', 'web'),
    (168, 89, 78, 134, 2, 'TRANSFERENCIA', 4500.0, 'USD4444555566667777', 'USD8888999900001111', '2025-05-01 15:45:45', 56.0, 'ALERTADA', FALSE, 1880, 'USD', 'mobile'),
    (169, 5, 145, 12, 6, 'COMPRA_ONLINE', 520.0, 'VISA2222333344445555', 'ALIEXPRESS', '2025-05-02 22:10:10', 78.0, 'ALERTADA', TRUE, 3750, 'USD', 'web'),
    (170, 112, 23, 189, 3, 'DEPOSITO', 2350000.0, 'COB6666777788889999', 'COB6666777788889999', '2025-05-03 10:35:35', 12.0, 'APROBADA', FALSE, 2870, 'COP', 'branch'),
    (171, 67, 91, 45, 2, 'TRANSFERENCIA', 980000.75, 'COB3333444455556666', 'COB7777888899990000', '2025-05-04 14:20:20', 33.0, 'APROBADA', FALSE, 2060, 'COP', 'mobile'),
    (172, 189, 56, 67, 3, 'PAGO_SERVICIOS', 125000.0, 'COB8888999900001111', 'COLEGIO123', '2025-05-05 09:55:45', 23.0, 'APROBADA', FALSE, 1010, 'COP', 'web'),
    (173, 23, 167, 134, 2, 'RETIRO_ATM', 650000.0, 'COB4444555566667777', 'ATM005678', '2025-05-06 18:30:30', 47.0, 'APROBADA', FALSE, 1500, 'COP', 'atm'),
    (174, 145, 12, 23, 3, 'COMPRA_ONLINE', 275.6, 'MAST9999000011112222', 'SHEIN', '2025-05-07 20:45:55', 72.0, 'ALERTADA', FALSE, 3050, 'USD', 'web'),
    (175, 78, 189, 91, 2, 'TRANSFERENCIA', 1850.0, 'MXN2222333344445555', 'MXN6666777788889999', '2025-05-08 13:10:10', 26.0, 'APROBADA', FALSE, 1740, 'MXN', 'mobile'),
    (176, 34, 78, 56, 2, 'DEPOSITO', 1580000.0, 'COB1111222233334444', 'COB1111222233334444', '2025-05-09 11:25:35', 9.0, 'APROBADA', FALSE, 2780, 'COP', 'branch'),
    (177, 156, 145, 178, 3, 'PAGO_SERVICIOS', 112000.0, 'COB5555666677778888', 'GAS789', '2025-05-10 08:50:20', 19.0, 'APROBADA', FALSE, 960, 'COP', 'web'),
    (178, 89, 23, 12, 2, 'TRANSFERENCIA', 980.4, 'USD7777888899990000', 'USD3333444455556666', '2025-05-11 15:35:45', 50.0, 'ALERTADA', FALSE, 1830, 'USD', 'mobile'),
    (179, 5, 91, 189, 6, 'COMPRA_ONLINE', 420.0, 'VISA4444555566667777', 'MERCADOPAGO', '2025-05-12 22:20:10', 83.0, 'ALERTADA', TRUE, 3800, 'USD', 'web'),
    (180, 112, 56, 45, 3, 'RETIRO_ATM', 1350000.0, 'COB2222333344445555', 'ATM009012', '2025-05-13 10:45:35', 42.0, 'APROBADA', FALSE, 1580, 'COP', 'atm'),
    (181, 67, 167, 67, 2, 'TRANSFERENCIA', 2450000.0, 'COB9999000011112222', 'COB6666777788889999', '2025-05-14 14:30:20', 31.0, 'APROBADA', FALSE, 2230, 'COP', 'mobile'),
    (182, 189, 134, 134, 3, 'PAGO_SERVICIOS', 98000.0, 'COB3333444455556666', 'LUZ123', '2025-05-15 09:35:45', 17.0, 'APROBADA', FALSE, 910, 'COP', 'web'),
    (183, 23, 12, 23, 2, 'DEPOSITO', 8950000.0, 'COB7777888899990000', 'COB7777888899990000', '2025-05-16 11:50:30', 8.0, 'APROBADA', FALSE, 3320, 'COP', 'branch'),
    (184, 145, 189, 91, 3, 'COMPRA_ONLINE', 99.99, 'MAST5555666677778888', 'NETFLIX', '2025-05-17 19:15:55', 54.0, 'ALERTADA', FALSE, 2480, 'USD', 'web'),
    (185, 78, 78, 56, 2, 'TRANSFERENCIA', 1250.8, 'EUR8888999900001111', 'EUR2222333344445555', '2025-05-18 12:40:10', 36.0, 'APROBADA', FALSE, 1690, 'EUR', 'mobile'),
    (186, 34, 145, 178, 2, 'RETIRO_ATM', 980000.0, 'COB1111222233334444', 'ATM001234', '2025-05-19 17:55:35', 45.0, 'APROBADA', FALSE, 1550, 'COP', 'atm'),
    (187, 156, 23, 45, 3, 'PAGO_SERVICIOS', 67000.0, 'COB8888999900001111', 'MOVIL456', '2025-05-20 08:30:20', 14.0, 'APROBADA', FALSE, 830, 'COP', 'web'),
    (188, 89, 91, 67, 2, 'TRANSFERENCIA', 4500.0, 'USD3333444455556666', 'USD7777888899990000', '2025-05-21 15:25:45', 57.0, 'ALERTADA', FALSE, 1890, 'USD', 'mobile'),
    (189, 5, 56, 12, 6, 'COMPRA_ONLINE', 520.0, 'VISA9999000011112222', 'ALIEXPRESS', '2025-05-22 22:40:10', 79.0, 'ALERTADA', TRUE, 3750, 'USD', 'web'),
    (190, 112, 167, 189, 3, 'DEPOSITO', 2350000.0, 'COB4444555566667777', 'COB4444555566667777', '2025-05-23 10:55:35', 12.0, 'APROBADA', FALSE, 2890, 'COP', 'branch'),
    (191, 67, 134, 23, 2, 'TRANSFERENCIA', 980000.75, 'COB2222333344445555', 'COB9999000011112222', '2025-05-24 14:40:20', 34.0, 'APROBADA', FALSE, 2070, 'COP', 'mobile'),
    (192, 189, 12, 91, 3, 'PAGO_SERVICIOS', 125000.0, 'COB5555666677778888', 'COLEGIO789', '2025-05-25 09:25:45', 21.0, 'APROBADA', FALSE, 1010, 'COP', 'web'),
    (193, 23, 189, 56, 2, 'RETIRO_ATM', 650000.0, 'COB7777888899990000', 'ATM005678', '2025-05-26 18:50:30', 48.0, 'APROBADA', FALSE, 1510, 'COP', 'atm'),
    (194, 145, 78, 134, 3, 'COMPRA_ONLINE', 275.6, 'MAST4444555566667777', 'SHEIN', '2025-05-27 20:35:55', 74.0, 'ALERTADA', FALSE, 3080, 'USD', 'web'),
    (195, 78, 145, 12, 2, 'TRANSFERENCIA', 1850.0, 'MXN8888999900001111', 'MXN3333444455556666', '2025-05-28 13:20:10', 29.0, 'APROBADA', FALSE, 1760, 'MXN', 'mobile'),
    (196, 34, 23, 189, 2, 'DEPOSITO', 1580000.0, 'COB9999000011112222', 'COB9999000011112222', '2025-05-29 11:45:35', 10.0, 'APROBADA', FALSE, 2810, 'COP', 'branch'),
    (197, 156, 91, 45, 3, 'PAGO_SERVICIOS', 112000.0, 'COB3333444455556666', 'GAS456', '2025-05-30 08:40:20', 20.0, 'APROBADA', FALSE, 970, 'COP', 'web'),
    (198, 89, 56, 67, 2, 'TRANSFERENCIA', 980.4, 'USD7777888899990000', 'USD2222333344445555', '2025-05-31 15:55:45', 51.0, 'ALERTADA', FALSE, 1840, 'USD', 'mobile'),
    (199, 5, 167, 23, 6, 'COMPRA_ONLINE', 420.0, 'VISA1111222233334444', 'MERCADOPAGO', '2025-06-01 22:30:10', 84.0, 'ALERTADA', TRUE, 3820, 'USD', 'web'),
    (200, 112, 134, 91, 3, 'RETIRO_ATM', 1350000.0, 'COB8888999900001111', 'ATM009012', '2025-06-02 10:25:35', 43.0, 'APROBADA', FALSE, 1600, 'COP', 'atm');

INSERT INTO trida.alertas
    (id_alerta, id_transaccion, nivel_criticidad, fecha_generacion,
     factores_sospechosos, estado_alerta, prioridad)
VALUES
    (1, 3, 'ALTA', '2024-11-17 18:45:33', 'IP extranjera + monto alto + dispositivo nuevo', 'ACTIVA', 2),
    (2, 7, 'ALTA', '2024-11-21 20:30:15', 'Cambio repentino de ubicación + score de riesgo 78', 'ACTIVA', 2),
    (3, 12, 'CRITICA', '2024-11-26 22:15:55', 'Múltiples transacciones rápidas + VPN detectada', 'ACTIVA', 1),
    (4, 17, 'CRITICA', '2024-12-01 19:15:40', 'Monto elevado a cuenta nueva', 'ACTIVA', 1),
    (5, 22, 'ALTA', '2024-12-06 21:30:15', 'Patrón de prueba de tarjeta + IP compartida', 'ACTIVA', 2),
    (6, 27, 'CRITICA', '2024-12-11 20:10:15', 'Dispositivo no registrado + cambio de país', 'RESUELTA', 1),
    (7, 36, 'ALTA', '2024-12-20 20:45:35', 'Alta velocidad de transacciones', 'ACTIVA', 2),
    (8, 41, 'CRITICA', '2024-12-25 20:40:50', 'Simulación de patrón de fraude conocido', 'ACTIVA', 1),
    (9, 46, 'ALTA', '2024-12-30 21:15:30', 'Uso de proxy + monto inusual', 'ACTIVA', 2),
    (10, 54, 'ALTA', '2025-01-07 20:10:15', 'Transacción desde dos ubicaciones simultáneas', 'ACTIVA', 2),
    (11, 59, 'CRITICA', '2025-01-12 21:35:10', 'Cuenta destino en lista negra', 'ACTIVA', 1),
    (12, 64, 'ALTA', '2025-01-17 19:30:25', 'Score de riesgo muy elevado (91)', 'ACTIVA', 2),
    (13, 69, 'MEDIA', '2025-01-22 21:10:30', 'Uso de tarjeta virtual no habitual', 'RESUELTA', 5),
    (14, 74, 'ALTA', '2025-01-27 20:45:55', 'Alerta de geolocalización anómala', 'ACTIVA', 2),
    (15, 79, 'ALTA', '2025-02-01 21:30:10', 'Intento de fraude masivo detectado', 'ACTIVA', 2),
    (16, 84, 'ALTA', '2025-02-06 20:15:55', 'Cambio de IP internacional en corto tiempo', 'ACTIVA', 2),
    (17, 89, 'CRITICA', '2025-02-11 21:35:10', 'Patrón coincidente con ataque conocido', 'ACTIVA', 1),
    (18, 94, 'ALTA', '2025-02-16 20:50:55', 'Uso de proxy + alta frecuencia', 'ACTIVA', 2),
    (19, 99, 'ALTA', '2025-02-21 21:15:10', 'Monto no habitual para el perfil', 'RESUELTA', 2),
    (20, 104, 'MEDIA', '2025-02-26 20:35:55', 'Dispositivo jailbreak detectado', 'ACTIVA', 5),
    (21, 109, 'ALTA', '2025-03-03 21:30:10', 'Alta velocidad de operaciones', 'ACTIVA', 2),
    (22, 114, 'ALTA', '2025-03-08 20:45:55', 'Acceso desde nueva ubicación lejana', 'ACTIVA', 2),
    (23, 119, 'CRITICA', '2025-03-13 22:40:10', 'Transacción coincidente con listas de fraude', 'ACTIVA', 1),
    (24, 124, 'MEDIA', '2025-03-18 20:15:55', 'IP compartida con actividad sospechosa', 'ACTIVA', 5),
    (25, 129, 'ALTA', '2025-03-23 21:35:10', 'Cambio de dispositivo + monto alto', 'RESUELTA', 2),
    (26, 134, 'ALTA', '2025-03-28 20:50:55', 'Alerta de inteligencia artificial alta', 'ACTIVA', 2),
    (27, 139, 'ALTA', '2025-04-02 22:15:10', 'Múltiples intentos fallidos previos', 'ACTIVA', 2),
    (28, 144, 'MEDIA', '2025-04-07 19:10:55', 'Uso de VPN detectada', 'ACTIVA', 5),
    (29, 149, 'CRITICA', '2025-04-12 22:40:10', 'Cuenta destino reportada como riesgosa', 'ACTIVA', 1),
    (30, 154, 'ALTA', '2025-04-17 20:45:55', 'Patrón de prueba de tarjeta', 'ACTIVA', 2),
    (31, 159, 'CRITICA', '2025-04-22 22:15:10', 'Dispositivo no registrado', 'RESUELTA', 1),
    (32, 164, 'MEDIA', '2025-04-27 19:40:55', 'Score de riesgo crítico', 'ACTIVA', 5),
    (33, 169, 'ALTA', '2025-05-02 21:30:10', 'Cambio repentino de país', 'ACTIVA', 2),
    (34, 174, 'ALTA', '2025-05-07 20:35:55', 'Alta frecuencia de transacciones', 'ACTIVA', 2),
    (35, 179, 'CRITICA', '2025-05-12 22:40:10', 'Fraude confirmado por equipo', 'ACTIVA', 1),
    (36, 184, 'MEDIA', '2025-05-17 19:15:55', 'IP proxy + monto elevado', 'ACTIVA', 5),
    (37, 189, 'ALTA', '2025-05-22 22:10:10', 'Uso de tarjeta virtual sospechosa', 'RESUELTA', 2),
    (38, 194, 'ALTA', '2025-05-27 20:45:55', 'Alerta de geolocalización anómala', 'ACTIVA', 2),
    (39, 199, 'CRITICA', '2025-06-01 22:30:10', 'Patrón de fraude masivo', 'ACTIVA', 1),
    (40, 4, 'BAJA', '2024-11-18 11:15:22', 'Retiro en ATM fuera de zona habitual', 'ACTIVA', 8),
    (41, 8, 'BAJA', '2024-11-22 10:05:50', 'Depósito grande con cuenta nueva', 'ACTIVA', 8),
    (42, 13, 'BAJA', '2024-11-27 11:40:30', 'Transferencia internacional repentina', 'ACTIVA', 8),
    (43, 18, 'BAJA', '2024-12-02 10:55:20', 'Retiro ATM después de transacciones rápidas', 'ACTIVA', 8),
    (44, 26, 'MEDIA', '2024-12-10 14:45:00', 'Usuario inactivo realiza transacción grande', 'ACTIVA', 5),
    (45, 31, 'BAJA', '2024-12-15 19:35:50', 'Patrón de fraude conocido', 'ACTIVA', 8),
    (46, 35, 'BAJA', '2024-12-19 11:15:10', 'Depósito inusual', 'RESUELTA', 8),
    (47, 40, 'BAJA', '2024-12-24 10:30:15', 'Transacción en horario no habitual', 'ACTIVA', 8),
    (48, 45, 'BAJA', '2024-12-29 11:50:10', 'Retiro grande con IP extranjera', 'ACTIVA', 8),
    (49, 50, 'BAJA', '2025-01-03 19:55:10', 'Compra online con monto elevado', 'ACTIVA', 8),
    (50, 55, 'BAJA', '2025-01-08 11:55:40', 'Transferencia a cuenta sancionada', 'ACTIVA', 8),
    (51, 60, 'BAJA', '2025-01-13 10:25:55', 'Retiro ATM en zona de riesgo', 'ACTIVA', 8),
    (52, 65, 'BAJA', '2025-01-18 12:15:10', 'Transferencia internacional', 'ACTIVA', 8),
    (53, 70, 'BAJA', '2025-01-23 10:55:35', 'Depósito masivo inusual', 'ACTIVA', 8),
    (54, 75, 'BAJA', '2025-01-28 13:30:10', 'Transacción con proxy', 'ACTIVA', 8),
    (55, 80, 'BAJA', '2025-02-02 10:45:35', 'Retiro grande', 'RESUELTA', 8),
    (56, 85, 'BAJA', '2025-02-07 12:50:10', 'Cambio de IP + monto alto', 'ACTIVA', 8),
    (57, 90, 'BAJA', '2025-02-12 10:55:35', 'Retiro ATM sospechoso', 'ACTIVA', 8),
    (58, 95, 'BAJA', '2025-02-17 13:10:10', 'Compra online inusual', 'ACTIVA', 8),
    (59, 100, 'BAJA', '2025-02-22 10:35:35', 'Retiro grande con IP nueva', 'ACTIVA', 8),
    (60, 105, 'BAJA', '2025-02-27 13:30:10', 'Transferencia internacional', 'ACTIVA', 8),
    (61, 110, 'BAJA', '2025-03-04 10:55:35', 'Depósito inusual', 'RESUELTA', 8),
    (62, 115, 'BAJA', '2025-03-09 12:10:10', 'Transferencia sospechosa', 'ACTIVA', 8),
    (63, 120, 'BAJA', '2025-03-14 10:40:35', 'Retiro ATM', 'ACTIVA', 8),
    (64, 125, 'BAJA', '2025-03-19 13:25:10', 'Transacción internacional', 'ACTIVA', 8),
    (65, 130, 'BAJA', '2025-03-24 10:50:35', 'Depósito grande', 'ACTIVA', 8),
    (66, 135, 'BAJA', '2025-03-29 11:40:35', 'Retiro ATM', 'ACTIVA', 8),
    (67, 140, 'BAJA', '2025-04-03 10:45:35', 'Retiro grande', 'RESUELTA', 8),
    (68, 145, 'BAJA', '2025-04-08 12:35:10', 'Transferencia internacional', 'ACTIVA', 8),
    (69, 150, 'BAJA', '2025-04-13 10:55:35', 'Retiro ATM', 'ACTIVA', 8),
    (70, 155, 'BAJA', '2025-04-18 13:20:10', 'Transacción inusual', 'ACTIVA', 8),
    (71, 160, 'BAJA', '2025-04-23 10:40:35', 'Retiro grande', 'ACTIVA', 8),
    (72, 165, 'BAJA', '2025-04-28 19:15:55', 'Transferencia sospechosa', 'ACTIVA', 8),
    (73, 170, 'BAJA', '2025-05-03 10:55:35', 'Depósito inusual', 'RESUELTA', 8),
    (74, 175, 'BAJA', '2025-05-08 13:10:10', 'Transferencia internacional', 'ACTIVA', 8),
    (75, 180, 'BAJA', '2025-05-13 10:45:35', 'Retiro ATM', 'ACTIVA', 8),
    (76, 185, 'BAJA', '2025-05-18 19:55:10', 'Compra online sospechosa', 'ACTIVA', 8),
    (77, 190, 'BAJA', '2025-05-23 10:55:35', 'Retiro grande', 'ACTIVA', 8),
    (78, 195, 'BAJA', '2025-05-28 19:40:55', 'Transferencia internacional', 'ACTIVA', 8),
    (79, 200, 'BAJA', '2025-06-02 10:25:35', 'Retiro ATM', 'ACTIVA', 8),
    (80, 2, 'BAJA', '2024-11-16 15:12:45', 'Pago de servicios con IP inusual', 'ACTIVA', 8),
    (81, 6, 'BAJA', '2024-11-20 09:22:15', 'Pago de servicios con monto elevado', 'ACTIVA', 8),
    (82, 11, 'MEDIA', '2024-11-25 18:40:30', 'Retiro ATM en zona nueva', 'ACTIVA', 5),
    (83, 16, 'BAJA', '2024-11-30 20:35:55', 'Transferencia con cambio de país', 'ACTIVA', 8),
    (84, 21, 'BAJA', '2024-12-05 19:40:30', 'Depósito grande inusual', 'ACTIVA', 8),
    (85, 25, 'BAJA', '2024-12-09 11:55:40', 'Transferencia internacional', 'RESUELTA', 8),
    (86, 30, 'BAJA', '2024-12-14 12:45:35', 'Transferencia sospechosa', 'ACTIVA', 8),
    (87, 35, 'BAJA', '2024-12-19 11:15:10', 'Depósito masivo', 'ACTIVA', 8),
    (88, 40, 'BAJA', '2024-12-24 10:30:15', 'Compra online elevada', 'ACTIVA', 8),
    (89, 44, 'MEDIA', '2024-12-28 16:20:35', 'Cuenta destino riesgosa', 'ACTIVA', 5),
    (90, 49, 'BAJA', '2025-01-02 10:05:45', 'Depósito grande', 'ACTIVA', 8),
    (91, 53, 'BAJA', '2025-01-06 17:40:50', 'Retiro ATM', 'ACTIVA', 8),
    (92, 58, 'BAJA', '2025-01-11 12:50:10', 'Transferencia internacional', 'ACTIVA', 8),
    (93, 63, 'BAJA', '2025-01-16 15:50:40', 'Transacción sospechosa', 'ACTIVA', 8),
    (94, 68, 'BAJA', '2025-01-21 16:40:45', 'Transferencia con proxy', 'ACTIVA', 8),
    (95, 73, 'BAJA', '2025-01-26 18:15:10', 'Retiro grande', 'ACTIVA', 8),
    (96, 77, 'BAJA', '2025-01-30 15:20:50', 'Pago de servicios inusual', 'ACTIVA', 8),
    (97, 82, 'BAJA', '2025-02-04 09:35:45', 'Pago de servicios', 'RESUELTA', 8),
    (98, 87, 'BAJA', '2025-02-09 08:55:20', 'Pago de servicios', 'ACTIVA', 8),
    (99, 92, 'BAJA', '2025-02-14 09:20:45', 'Pago de servicios', 'ACTIVA', 8),
    (100, 97, 'BAJA', '2025-02-19 08:50:20', 'Pago de servicios', 'ACTIVA', 8),
    (101, 102, 'BAJA', '2025-02-24 09:55:45', 'Pago de servicios elevado', 'ACTIVA', 8),
    (102, 107, 'BAJA', '2025-03-01 08:25:20', 'Pago de servicios', 'ACTIVA', 8),
    (103, 111, 'BAJA', '2025-03-05 14:50:20', 'Transferencia', 'ACTIVA', 8),
    (104, 116, 'BAJA', '2025-03-10 08:55:20', 'Pago de servicios', 'ACTIVA', 8),
    (105, 121, 'BAJA', '2025-03-15 14:30:20', 'Transferencia', 'ACTIVA', 8),
    (106, 126, 'MEDIA', '2025-03-20 11:35:35', 'Depósito', 'RESUELTA', 5),
    (107, 131, 'BAJA', '2025-03-25 14:40:20', 'Transferencia', 'ACTIVA', 8),
    (108, 136, 'BAJA', '2025-03-30 11:40:35', 'Depósito', 'ACTIVA', 8),
    (109, 141, 'BAJA', '2025-04-04 14:55:20', 'Transferencia', 'ACTIVA', 8),
    (110, 146, 'BAJA', '2025-04-09 12:35:10', 'Transferencia internacional', 'ACTIVA', 8),
    (111, 151, 'BAJA', '2025-04-14 14:30:20', 'Transferencia', 'ACTIVA', 8),
    (112, 156, 'BAJA', '2025-04-19 12:30:20', 'Transferencia', 'ACTIVA', 8),
    (113, 161, 'BAJA', '2025-04-24 14:55:20', 'Transferencia', 'ACTIVA', 8),
    (114, 166, 'BAJA', '2025-04-29 19:15:55', 'Transferencia', 'ACTIVA', 8),
    (115, 171, 'BAJA', '2025-05-04 14:40:20', 'Transferencia', 'RESUELTA', 8),
    (116, 176, 'BAJA', '2025-05-09 11:40:35', 'Depósito', 'ACTIVA', 8),
    (117, 181, 'BAJA', '2025-05-14 14:55:20', 'Transferencia', 'ACTIVA', 8),
    (118, 186, 'BAJA', '2025-05-19 17:55:35', 'Retiro', 'ACTIVA', 8),
    (119, 191, 'BAJA', '2025-05-24 14:40:20', 'Transferencia', 'ACTIVA', 8),
    (120, 196, 'BAJA', '2025-05-29 12:15:55', 'Retiro', 'ACTIVA', 8),
    (121, 1, 'BAJA', '2024-11-15 10:05:22', 'Login + transacción inmediata', 'ACTIVA', 8),
    (122, 6, 'BAJA', '2024-11-20 09:22:15', 'Pago con factores sospechosos', 'ACTIVA', 8),
    (123, 11, 'MEDIA', '2024-11-25 18:40:30', 'Retiro con IP nueva', 'ACTIVA', 5),
    (124, 16, 'BAJA', '2024-11-30 20:35:55', 'Transferencia internacional', 'ACTIVA', 8),
    (125, 21, 'BAJA', '2024-12-05 19:40:30', 'Depósito grande', 'ACTIVA', 8),
    (126, 26, 'MEDIA', '2024-12-10 14:45:00', 'Usuario inactivo', 'ACTIVA', 5),
    (127, 31, 'BAJA', '2024-12-15 19:35:50', 'Patrón sospechoso', 'RESUELTA', 8),
    (128, 36, 'ALTA', '2024-12-20 20:45:35', 'Compra online elevada', 'ACTIVA', 2),
    (129, 41, 'CRITICA', '2024-12-25 20:40:50', 'Patrón de fraude', 'ACTIVA', 1),
    (130, 46, 'ALTA', '2024-12-30 21:15:30', 'Uso de proxy', 'ACTIVA', 2),
    (131, 51, 'BAJA', '2025-01-04 20:40:50', 'Score crítico', 'ACTIVA', 8),
    (132, 56, 'BAJA', '2025-01-09 12:50:10', 'Transferencia internacional', 'ACTIVA', 8),
    (133, 61, 'BAJA', '2025-01-14 19:40:30', 'Patrón sospechoso', 'ACTIVA', 8),
    (134, 66, 'BAJA', '2025-01-19 17:55:35', 'Retiro grande', 'ACTIVA', 8),
    (135, 71, 'BAJA', '2025-01-24 14:50:20', 'Transferencia', 'ACTIVA', 8),
    (136, 76, 'BAJA', '2025-01-29 12:15:55', 'Retiro ATM', 'RESUELTA', 8),
    (137, 81, 'BAJA', '2025-02-03 19:40:30', 'Patrón de fraude', 'ACTIVA', 8),
    (138, 86, 'BAJA', '2025-02-08 17:55:35', 'Retiro grande', 'ACTIVA', 8),
    (139, 91, 'BAJA', '2025-02-13 14:40:20', 'Transferencia', 'ACTIVA', 8),
    (140, 96, 'BAJA', '2025-02-18 12:15:55', 'Retiro sospechoso', 'ACTIVA', 8),
    (141, 101, 'BAJA', '2025-02-23 14:40:20', 'Transferencia', 'ACTIVA', 8),
    (142, 106, 'BAJA', '2025-02-28 12:15:55', 'Retiro', 'ACTIVA', 8),
    (143, 111, 'BAJA', '2025-03-05 14:50:20', 'Transferencia', 'ACTIVA', 8),
    (144, 116, 'BAJA', '2025-03-10 08:55:20', 'Pago de servicios', 'ACTIVA', 8),
    (145, 121, 'BAJA', '2025-03-15 14:30:20', 'Transferencia', 'RESUELTA', 8),
    (146, 126, 'MEDIA', '2025-03-20 11:35:35', 'Depósito', 'ACTIVA', 5),
    (147, 131, 'BAJA', '2025-03-25 14:40:20', 'Transferencia', 'ACTIVA', 8),
    (148, 136, 'BAJA', '2025-03-30 11:40:35', 'Depósito', 'ACTIVA', 8),
    (149, 141, 'BAJA', '2025-04-04 14:55:20', 'Transferencia', 'ACTIVA', 8),
    (150, 146, 'BAJA', '2025-04-09 12:35:10', 'Transferencia', 'ACTIVA', 8),
    (151, 151, 'BAJA', '2025-04-14 14:30:20', 'Transferencia', 'ACTIVA', 8),
    (152, 156, 'BAJA', '2025-04-19 12:30:20', 'Transferencia', 'ACTIVA', 8),
    (153, 161, 'BAJA', '2025-04-24 14:55:20', 'Transferencia', 'ACTIVA', 8),
    (154, 166, 'BAJA', '2025-04-29 19:15:55', 'Transferencia', 'ACTIVA', 8),
    (155, 171, 'BAJA', '2025-05-04 14:40:20', 'Transferencia', 'ACTIVA', 8),
    (156, 176, 'BAJA', '2025-05-09 11:40:35', 'Depósito', 'ACTIVA', 8),
    (157, 181, 'BAJA', '2025-05-14 14:55:20', 'Transferencia', 'RESUELTA', 8),
    (158, 186, 'BAJA', '2025-05-19 17:55:35', 'Retiro', 'ACTIVA', 8),
    (159, 191, 'BAJA', '2025-05-24 14:40:20', 'Transferencia', 'ACTIVA', 8),
    (160, 196, 'BAJA', '2025-05-29 12:15:55', 'Retiro', 'ACTIVA', 8),
    (161, 2, 'BAJA', '2025-04-09 09:32:45', 'Transacción inmediata después de login', 'ACTIVA', 8),
    (162, 8, 'BAJA', '2025-04-11 12:40:30', 'Depósito grande', 'ACTIVA', 8),
    (163, 13, 'BAJA', '2025-04-13 12:35:35', 'Transferencia sospechosa', 'ACTIVA', 8),
    (164, 18, 'BAJA', '2025-04-15 17:20:10', 'Retiro grande', 'ACTIVA', 8),
    (165, 33, 'BAJA', '2025-04-20 09:35:45', 'Pago de servicios elevado', 'ACTIVA', 8),
    (166, 38, 'BAJA', '2025-04-22 09:30:45', 'Pago de servicios', 'RESUELTA', 8),
    (167, 43, 'BAJA', '2025-04-25 11:50:10', 'Retiro grande', 'ACTIVA', 8),
    (168, 48, 'BAJA', '2025-04-27 13:10:10', 'Depósito grande', 'ACTIVA', 8),
    (169, 53, 'BAJA', '2025-04-29 10:05:35', 'Retiro ATM', 'ACTIVA', 8),
    (170, 58, 'BAJA', '2025-05-01 15:45:45', 'Transferencia', 'ACTIVA', 8),
    (171, 63, 'BAJA', '2025-05-06 15:50:40', 'Transacción sospechosa', 'ACTIVA', 8),
    (172, 68, 'BAJA', '2025-05-11 12:35:35', 'Transferencia', 'ACTIVA', 8),
    (173, 73, 'BAJA', '2025-05-16 11:50:30', 'Depósito grande', 'ACTIVA', 8),
    (174, 78, 'MEDIA', '2025-05-21 15:25:45', 'Transferencia', 'ACTIVA', 5),
    (175, 83, 'BAJA', '2025-05-26 15:50:40', 'Transacción sospechosa', 'RESUELTA', 8),
    (176, 88, 'MEDIA', '2025-05-31 14:35:45', 'Transferencia', 'ACTIVA', 5),
    (177, 93, 'BAJA', '2025-04-16 15:50:40', 'Transacción sospechosa', 'ACTIVA', 8),
    (178, 98, 'BAJA', '2025-04-21 13:35:05', 'Transferencia', 'ACTIVA', 8),
    (179, 103, 'BAJA', '2025-04-26 14:55:15', 'Transferencia', 'ACTIVA', 8),
    (180, 108, 'MEDIA', '2025-05-01 15:45:45', 'Transferencia', 'ACTIVA', 5),
    (181, 113, 'BAJA', '2025-05-06 15:50:40', 'Transacción sospechosa', 'ACTIVA', 8),
    (182, 118, 'BAJA', '2025-05-11 12:35:35', 'Transferencia', 'ACTIVA', 8),
    (183, 123, 'BAJA', '2025-05-16 11:50:30', 'Depósito grande', 'ACTIVA', 8),
    (184, 128, 'MEDIA', '2025-05-21 15:25:45', 'Transferencia', 'RESUELTA', 5),
    (185, 133, 'BAJA', '2025-05-26 15:50:40', 'Transacción sospechosa', 'ACTIVA', 8),
    (186, 138, 'BAJA', '2025-05-31 14:35:45', 'Transferencia', 'ACTIVA', 8),
    (187, 143, 'BAJA', '2025-04-16 15:50:40', 'Transacción sospechosa', 'ACTIVA', 8),
    (188, 148, 'MEDIA', '2025-04-21 13:35:05', 'Transferencia', 'ACTIVA', 5),
    (189, 153, 'BAJA', '2025-04-26 14:55:15', 'Transferencia', 'ACTIVA', 8),
    (190, 158, 'BAJA', '2025-05-01 15:45:45', 'Transferencia', 'ACTIVA', 8),
    (191, 163, 'BAJA', '2025-05-06 15:50:40', 'Transacción sospechosa', 'ACTIVA', 8),
    (192, 168, 'MEDIA', '2025-05-11 12:35:35', 'Transferencia', 'ACTIVA', 5),
    (193, 173, 'BAJA', '2025-05-16 11:50:30', 'Depósito grande', 'RESUELTA', 8),
    (194, 178, 'MEDIA', '2025-05-21 15:25:45', 'Transferencia', 'ACTIVA', 5),
    (195, 183, 'BAJA', '2025-05-26 15:50:40', 'Transacción sospechosa', 'ACTIVA', 8),
    (196, 188, 'MEDIA', '2025-05-31 14:35:45', 'Transferencia', 'ACTIVA', 5),
    (197, 193, 'BAJA', '2025-04-16 15:50:40', 'Transacción sospechosa', 'ACTIVA', 8),
    (198, 198, 'MEDIA', '2025-04-21 13:35:05', 'Transferencia', 'ACTIVA', 5),
    (199, 4, 'BAJA', '2025-04-26 14:55:15', 'Transferencia', 'RESUELTA', 8),
    (200, 9, 'BAJA', '2025-05-01 15:45:45', 'Transferencia internacional riesgosa', 'ACTIVA', 8);

INSERT INTO trida.validaciones
    (id_validacion, id_alerta, id_usuario, clasificacion,
     comentarios, fecha_validacion, accion_tomada)
VALUES
    (1, 45, 17, 'FRAUDE_CONFIRMADO', 'Transacción con IP extranjera y monto alto inusual', '2024-11-15 10:05:22', 'BLOQUEADA'),
    (2, 12, 5, 'FALSO_POSITIVO', 'Usuario habitual, patrón normal', '2024-11-16 15:12:45', 'APROBADA'),
    (3, 78, 9, 'PENDIENTE_INVESTIGACION', 'Cambio repentino de ubicación + dispositivo nuevo', '2024-11-17 19:30:10', 'EN_REVISION'),
    (4, 23, 14, 'FRAUDE_CONFIRMADO', 'Múltiples intentos fallidos seguidos de transacción grande', '2024-11-18 12:08:55', 'BLOQUEADA'),
    (5, 156, 27, 'FALSO_POSITIVO', 'Comportamiento consistente con historial', '2024-11-19 17:45:30', 'APROBADA'),
    (6, 89, 3, 'PENDIENTE_INVESTIGACION', 'Monto elevado a cuenta no frecuente', '2024-11-20 09:22:15', 'NOTIFICADA'),
    (7, 34, 17, 'FRAUDE_CONFIRMADO', 'Uso de VPN + horario inusual', '2024-11-21 21:15:40', 'BLOQUEADA'),
    (8, 167, 5, 'FALSO_POSITIVO', 'Transacción recurrente mensual', '2024-11-22 11:05:25', 'APROBADA'),
    (9, 5, 9, 'PENDIENTE_INVESTIGACION', 'Dispositivo no registrado previamente', '2024-11-23 14:50:50', 'EN_REVISION'),
    (10, 112, 14, 'FALSO_POSITIVO', 'Todo dentro de parámetros normales', '2024-11-24 10:35:15', 'APROBADA'),
    (11, 67, 27, 'FRAUDE_CONFIRMADO', 'Simulación de patrón de fraude conocido', '2024-11-25 18:40:30', 'BLOQUEADA'),
    (12, 189, 3, 'PENDIENTE_INVESTIGACION', 'Alta velocidad de transacciones en corto tiempo', '2024-11-26 23:10:45', 'NOTIFICADA'),
    (13, 23, 17, 'FALSO_POSITIVO', 'Validación manual confirmada por usuario', '2024-11-27 12:55:20', 'APROBADA'),
    (14, 145, 5, 'FRAUDE_CONFIRMADO', 'Cuenta destino reportada en listas negras', '2024-11-28 16:20:35', 'BLOQUEADA'),
    (15, 78, 9, 'FALSO_POSITIVO', 'Transacción normal de fin de mes', '2024-11-29 09:45:10', 'APROBADA'),
    (16, 34, 14, 'PENDIENTE_INVESTIGACION', 'Cambio de país en menos de 2 horas', '2024-11-30 20:35:55', 'EN_REVISION'),
    (17, 156, 27, 'FRAUDE_CONFIRMADO', 'Monto muy superior al promedio del usuario', '2024-12-01 15:15:40', 'BLOQUEADA'),
    (18, 89, 3, 'FALSO_POSITIVO', 'Comportamiento consistente', '2024-12-02 11:50:25', 'APROBADA'),
    (19, 5, 17, 'PENDIENTE_INVESTIGACION', 'Uso de tarjeta virtual no habitual', '2024-12-03 17:30:50', 'NOTIFICADA'),
    (20, 112, 5, 'FALSO_POSITIVO', 'Validado correctamente', '2024-12-04 13:25:15', 'APROBADA'),
    (21, 67, 9, 'FRAUDE_CONFIRMADO', 'Patrón de prueba de tarjeta detectado', '2024-12-05 19:40:30', 'BLOQUEADA'),
    (22, 189, 14, 'FALSO_POSITIVO', 'Usuario verificado con 2FA', '2024-12-06 22:55:45', 'APROBADA'),
    (23, 23, 27, 'PENDIENTE_INVESTIGACION', 'Transacción desde dos ubicaciones simultáneas', '2024-12-07 14:10:20', 'EN_REVISION'),
    (24, 145, 3, 'FALSO_POSITIVO', 'Todo normal', '2024-12-08 12:35:35', 'APROBADA'),
    (25, 78, 17, 'FRAUDE_CONFIRMADO', 'Alerta de inteligencia artificial alta', '2024-12-09 18:20:10', 'BLOQUEADA'),
    (26, 34, 5, 'PENDIENTE_INVESTIGACION', 'Monto alto con cuenta nueva', '2024-12-10 11:05:55', 'NOTIFICADA'),
    (27, 156, 9, 'FALSO_POSITIVO', 'Comportamiento habitual', '2024-12-11 20:45:30', 'APROBADA'),
    (28, 89, 14, 'FRAUDE_CONFIRMADO', 'Uso de datos robados detectado', '2024-12-12 09:30:15', 'BLOQUEADA'),
    (29, 5, 27, 'FALSO_POSITIVO', 'Validación positiva', '2024-12-13 16:15:40', 'APROBADA'),
    (30, 112, 3, 'PENDIENTE_INVESTIGACION', 'Frecuencia inusual de operaciones', '2024-12-14 13:50:25', 'EN_REVISION'),
    (31, 67, 17, 'FRAUDE_CONFIRMADO', 'Transacción coincidente con ataque conocido', '2024-12-15 19:35:50', 'BLOQUEADA'),
    (32, 189, 5, 'FALSO_POSITIVO', 'Usuario de confianza', '2024-12-16 23:10:15', 'APROBADA'),
    (33, 23, 9, 'PENDIENTE_INVESTIGACION', 'Dispositivo jailbreak detectado', '2024-12-17 10:55:40', 'NOTIFICADA'),
    (34, 145, 14, 'FALSO_POSITIVO', 'Todo dentro de rango', '2024-12-18 15:40:05', 'APROBADA'),
    (35, 78, 27, 'FRAUDE_CONFIRMADO', 'Score de riesgo muy elevado', '2024-12-19 12:25:30', 'BLOQUEADA'),
    (36, 34, 3, 'PENDIENTE_INVESTIGACION', 'Cambio de IP internacional', '2024-12-20 21:15:55', 'EN_REVISION'),
    (37, 156, 17, 'FALSO_POSITIVO', 'Validado manualmente', '2024-12-21 14:50:20', 'APROBADA'),
    (38, 89, 5, 'FRAUDE_CONFIRMADO', 'Transacción a beneficiario sancionado', '2024-12-22 09:35:45', 'BLOQUEADA'),
    (39, 5, 9, 'FALSO_POSITIVO', 'Patrón normal del cliente', '2024-12-23 18:20:10', 'APROBADA'),
    (40, 112, 14, 'PENDIENTE_INVESTIGACION', 'Múltiples transacciones en poco tiempo', '2024-12-24 11:05:35', 'NOTIFICADA'),
    (41, 67, 27, 'FRAUDE_CONFIRMADO', 'Alerta de geolocalización anómala', '2024-12-25 20:40:50', 'BLOQUEADA'),
    (42, 189, 3, 'FALSO_POSITIVO', 'Transacción confirmada por SMS', '2024-12-26 10:25:15', 'APROBADA'),
    (43, 23, 17, 'PENDIENTE_INVESTIGACION', 'Uso de proxy', '2024-12-27 15:50:40', 'EN_REVISION'),
    (44, 145, 5, 'FALSO_POSITIVO', 'Cliente frecuente', '2024-12-28 13:35:05', 'APROBADA'),
    (45, 78, 9, 'FRAUDE_CONFIRMADO', 'Intento de fraude masivo detectado', '2024-12-29 19:20:30', 'BLOQUEADA'),
    (46, 34, 14, 'PENDIENTE_INVESTIGACION', 'Monto no habitual', '2024-12-30 12:15:55', 'NOTIFICADA'),
    (47, 156, 27, 'FALSO_POSITIVO', 'Comportamiento consistente', '2024-12-31 17:50:20', 'APROBADA'),
    (48, 89, 3, 'FRAUDE_CONFIRMADO', 'Cuenta destino en lista negra', '2025-01-01 14:35:45', 'BLOQUEADA'),
    (49, 5, 17, 'FALSO_POSITIVO', 'Todo correcto', '2025-01-02 11:20:10', 'APROBADA'),
    (50, 112, 5, 'PENDIENTE_INVESTIGACION', 'Acceso desde nueva ubicación', '2025-01-03 16:55:35', 'EN_REVISION'),
    (51, 67, 9, 'FRAUDE_CONFIRMADO', 'Alta probabilidad según modelo ML', '2025-01-04 20:40:50', 'BLOQUEADA'),
    (52, 189, 14, 'FALSO_POSITIVO', 'Usuario verificado', '2025-01-05 10:25:15', 'APROBADA'),
    (53, 23, 27, 'PENDIENTE_INVESTIGACION', 'Velocidad de transacciones anormal', '2025-01-06 15:50:40', 'NOTIFICADA'),
    (54, 145, 3, 'FALSO_POSITIVO', 'Validación OK', '2025-01-07 13:35:05', 'APROBADA'),
    (55, 78, 17, 'FRAUDE_CONFIRMADO', 'Transacción fraudulenta confirmada', '2025-01-08 19:20:30', 'BLOQUEADA'),
    (56, 34, 5, 'PENDIENTE_INVESTIGACION', 'Dispositivo no habitual', '2025-01-09 12:15:55', 'EN_REVISION'),
    (57, 156, 9, 'FALSO_POSITIVO', 'Patrón normal', '2025-01-10 17:50:20', 'APROBADA'),
    (58, 89, 14, 'FRAUDE_CONFIRMADO', 'Alerta crítica', '2025-01-11 14:35:45', 'BLOQUEADA'),
    (59, 5, 27, 'FALSO_POSITIVO', 'Todo en orden', '2025-01-12 11:20:10', 'APROBADA'),
    (60, 112, 3, 'PENDIENTE_INVESTIGACION', 'IP compartida sospechosa', '2025-01-13 16:55:35', 'NOTIFICADA'),
    (61, 67, 17, 'FRAUDE_CONFIRMADO', 'Fraude confirmado por equipo', '2025-01-14 20:40:50', 'BLOQUEADA'),
    (62, 189, 5, 'FALSO_POSITIVO', 'Transacción válida', '2025-01-15 10:25:15', 'APROBADA'),
    (63, 23, 9, 'PENDIENTE_INVESTIGACION', 'Revisión adicional requerida', '2025-01-16 15:50:40', 'EN_REVISION'),
    (64, 145, 14, 'FALSO_POSITIVO', 'Cliente confiable', '2025-01-17 13:35:05', 'APROBADA'),
    (65, 78, 27, 'FRAUDE_CONFIRMADO', 'Bloqueo preventivo', '2025-01-18 19:20:30', 'BLOQUEADA'),
    (66, 34, 3, 'PENDIENTE_INVESTIGACION', 'Comportamiento atípico', '2025-01-19 12:15:55', 'NOTIFICADA'),
    (67, 156, 17, 'FALSO_POSITIVO', 'Validado', '2025-01-20 17:50:20', 'APROBADA'),
    (68, 89, 5, 'FRAUDE_CONFIRMADO', 'Alta riesgo', '2025-01-21 14:35:45', 'BLOQUEADA'),
    (69, 5, 9, 'FALSO_POSITIVO', 'Normal', '2025-01-22 11:20:10', 'APROBADA'),
    (70, 112, 14, 'PENDIENTE_INVESTIGACION', 'Requiere verificación', '2025-01-23 16:55:35', 'EN_REVISION'),
    (71, 67, 27, 'FRAUDE_CONFIRMADO', 'Fraude detectado', '2025-01-24 20:40:50', 'BLOQUEADA'),
    (72, 189, 3, 'FALSO_POSITIVO', 'Aprobada', '2025-01-25 10:25:15', 'APROBADA'),
    (73, 23, 17, 'PENDIENTE_INVESTIGACION', 'En observación', '2025-01-26 15:50:40', 'NOTIFICADA'),
    (74, 145, 5, 'FALSO_POSITIVO', 'OK', '2025-01-27 13:35:05', 'APROBADA'),
    (75, 78, 9, 'FRAUDE_CONFIRMADO', 'Bloqueada', '2025-01-28 19:20:30', 'BLOQUEADA'),
    (76, 34, 14, 'PENDIENTE_INVESTIGACION', 'Revisión', '2025-01-29 12:15:55', 'EN_REVISION'),
    (77, 156, 27, 'FALSO_POSITIVO', 'Aprobada', '2025-01-30 17:50:20', 'APROBADA'),
    (78, 89, 3, 'FRAUDE_CONFIRMADO', 'Bloqueada', '2025-01-31 14:35:45', 'BLOQUEADA'),
    (79, 5, 17, 'FALSO_POSITIVO', 'Normal', '2025-02-01 11:20:10', 'APROBADA'),
    (80, 112, 5, 'PENDIENTE_INVESTIGACION', 'Revisión manual', '2025-02-02 16:55:35', 'NOTIFICADA'),
    (81, 67, 9, 'FRAUDE_CONFIRMADO', 'Confirmado fraude', '2025-02-03 20:40:50', 'BLOQUEADA'),
    (82, 189, 14, 'FALSO_POSITIVO', 'Aprobada', '2025-02-04 10:25:15', 'APROBADA'),
    (83, 23, 27, 'PENDIENTE_INVESTIGACION', 'En revisión', '2025-02-05 15:50:40', 'EN_REVISION'),
    (84, 145, 3, 'FALSO_POSITIVO', 'OK', '2025-02-06 13:35:05', 'APROBADA'),
    (85, 78, 17, 'FRAUDE_CONFIRMADO', 'Bloqueada', '2025-02-07 19:20:30', 'BLOQUEADA'),
    (86, 34, 5, 'PENDIENTE_INVESTIGACION', 'Observación', '2025-02-08 12:15:55', 'NOTIFICADA'),
    (87, 156, 9, 'FALSO_POSITIVO', 'Aprobada', '2025-02-09 17:50:20', 'APROBADA'),
    (88, 89, 14, 'FRAUDE_CONFIRMADO', 'Bloqueada', '2025-02-10 14:35:45', 'BLOQUEADA'),
    (89, 5, 27, 'FALSO_POSITIVO', 'Normal', '2025-02-11 11:20:10', 'APROBADA'),
    (90, 112, 3, 'PENDIENTE_INVESTIGACION', 'Revisión', '2025-02-12 16:55:35', 'EN_REVISION'),
    (91, 67, 17, 'FRAUDE_CONFIRMADO', 'Alta prioridad', '2025-02-13 20:40:50', 'BLOQUEADA'),
    (92, 189, 5, 'FALSO_POSITIVO', 'Aprobada', '2025-02-14 10:25:15', 'APROBADA'),
    (93, 23, 9, 'PENDIENTE_INVESTIGACION', 'En proceso', '2025-02-15 15:50:40', 'NOTIFICADA'),
    (94, 145, 14, 'FALSO_POSITIVO', 'OK', '2025-02-16 13:35:05', 'APROBADA'),
    (95, 78, 27, 'FRAUDE_CONFIRMADO', 'Bloqueada', '2025-02-17 19:20:30', 'BLOQUEADA'),
    (96, 34, 3, 'PENDIENTE_INVESTIGACION', 'Revisar', '2025-02-18 12:15:55', 'EN_REVISION'),
    (97, 156, 17, 'FALSO_POSITIVO', 'Aprobada', '2025-02-19 17:50:20', 'APROBADA'),
    (98, 89, 5, 'FRAUDE_CONFIRMADO', 'Bloqueada', '2025-02-20 14:35:45', 'BLOQUEADA'),
    (99, 5, 9, 'FALSO_POSITIVO', 'Normal', '2025-02-21 11:20:10', 'APROBADA'),
    (100, 112, 14, 'PENDIENTE_INVESTIGACION', 'Revisión', '2025-02-22 16:55:35', 'NOTIFICADA'),
    (101, 67, 27, 'FRAUDE_CONFIRMADO', 'Confirmado', '2025-02-23 20:40:50', 'BLOQUEADA'),
    (102, 189, 3, 'FALSO_POSITIVO', 'Aprobada', '2025-02-24 10:25:15', 'APROBADA'),
    (103, 23, 17, 'PENDIENTE_INVESTIGACION', 'En revisión', '2025-02-25 15:50:40', 'EN_REVISION'),
    (104, 145, 5, 'FALSO_POSITIVO', 'OK', '2025-02-26 13:35:05', 'APROBADA'),
    (105, 78, 9, 'FRAUDE_CONFIRMADO', 'Bloqueada', '2025-02-27 19:20:30', 'BLOQUEADA'),
    (106, 34, 14, 'PENDIENTE_INVESTIGACION', 'Observación', '2025-02-28 12:15:55', 'NOTIFICADA'),
    (107, 156, 27, 'FALSO_POSITIVO', 'Aprobada', '2025-03-01 17:50:20', 'APROBADA'),
    (108, 89, 3, 'FRAUDE_CONFIRMADO', 'Bloqueada', '2025-03-02 14:35:45', 'BLOQUEADA'),
    (109, 5, 17, 'FALSO_POSITIVO', 'Normal', '2025-03-03 11:20:10', 'APROBADA'),
    (110, 112, 5, 'PENDIENTE_INVESTIGACION', 'Revisión', '2025-03-04 16:55:35', 'EN_REVISION'),
    (111, 67, 9, 'FRAUDE_CONFIRMADO', 'Alta', '2025-03-05 20:40:50', 'BLOQUEADA'),
    (112, 189, 14, 'FALSO_POSITIVO', 'Aprobada', '2025-03-06 10:25:15', 'APROBADA'),
    (113, 23, 27, 'PENDIENTE_INVESTIGACION', 'En revisión', '2025-03-07 15:50:40', 'NOTIFICADA'),
    (114, 145, 3, 'FALSO_POSITIVO', 'OK', '2025-03-08 13:35:05', 'APROBADA'),
    (115, 78, 17, 'FRAUDE_CONFIRMADO', 'Bloqueada', '2025-03-09 19:20:30', 'BLOQUEADA'),
    (116, 34, 5, 'PENDIENTE_INVESTIGACION', 'Revisar', '2025-03-10 12:15:55', 'EN_REVISION'),
    (117, 156, 9, 'FALSO_POSITIVO', 'Aprobada', '2025-03-11 17:50:20', 'APROBADA'),
    (118, 89, 14, 'FRAUDE_CONFIRMADO', 'Bloqueada', '2025-03-12 14:35:45', 'BLOQUEADA'),
    (119, 5, 27, 'FALSO_POSITIVO', 'Normal', '2025-03-13 11:20:10', 'APROBADA'),
    (120, 112, 3, 'PENDIENTE_INVESTIGACION', 'Revisión', '2025-03-14 16:55:35', 'NOTIFICADA'),
    (121, 67, 17, 'FRAUDE_CONFIRMADO', 'Confirmado', '2025-03-15 20:40:50', 'BLOQUEADA'),
    (122, 189, 5, 'FALSO_POSITIVO', 'Aprobada', '2025-03-16 10:25:15', 'APROBADA'),
    (123, 23, 9, 'PENDIENTE_INVESTIGACION', 'En proceso', '2025-03-17 15:50:40', 'EN_REVISION'),
    (124, 145, 14, 'FALSO_POSITIVO', 'OK', '2025-03-18 13:35:05', 'APROBADA'),
    (125, 78, 27, 'FRAUDE_CONFIRMADO', 'Bloqueada', '2025-03-19 19:20:30', 'BLOQUEADA'),
    (126, 34, 3, 'PENDIENTE_INVESTIGACION', 'Observar', '2025-03-20 12:15:55', 'NOTIFICADA'),
    (127, 156, 17, 'FALSO_POSITIVO', 'Aprobada', '2025-03-21 17:50:20', 'APROBADA'),
    (128, 89, 5, 'FRAUDE_CONFIRMADO', 'Bloqueada', '2025-03-22 14:35:45', 'BLOQUEADA'),
    (129, 5, 9, 'FALSO_POSITIVO', 'Normal', '2025-03-23 11:20:10', 'APROBADA'),
    (130, 112, 14, 'PENDIENTE_INVESTIGACION', 'Revisión', '2025-03-24 16:55:35', 'EN_REVISION'),
    (131, 67, 27, 'FRAUDE_CONFIRMADO', 'Alta', '2025-03-25 20:40:50', 'BLOQUEADA'),
    (132, 189, 3, 'FALSO_POSITIVO', 'Aprobada', '2025-03-26 10:25:15', 'APROBADA'),
    (133, 23, 17, 'PENDIENTE_INVESTIGACION', 'En revisión', '2025-03-27 15:50:40', 'NOTIFICADA'),
    (134, 145, 5, 'FALSO_POSITIVO', 'OK', '2025-03-28 13:35:05', 'APROBADA'),
    (135, 78, 9, 'FRAUDE_CONFIRMADO', 'Bloqueada', '2025-03-29 19:20:30', 'BLOQUEADA'),
    (136, 34, 14, 'PENDIENTE_INVESTIGACION', 'Revisar', '2025-03-30 12:15:55', 'EN_REVISION'),
    (137, 156, 27, 'FALSO_POSITIVO', 'Aprobada', '2025-03-31 17:50:20', 'APROBADA'),
    (138, 89, 3, 'FRAUDE_CONFIRMADO', 'Bloqueada', '2025-04-01 14:35:45', 'BLOQUEADA'),
    (139, 5, 17, 'FALSO_POSITIVO', 'Normal', '2025-04-02 11:20:10', 'APROBADA'),
    (140, 112, 5, 'PENDIENTE_INVESTIGACION', 'Revisión', '2025-04-03 16:55:35', 'NOTIFICADA'),
    (141, 67, 9, 'FRAUDE_CONFIRMADO', 'Confirmado', '2025-04-04 20:40:50', 'BLOQUEADA'),
    (142, 189, 14, 'FALSO_POSITIVO', 'Aprobada', '2025-04-05 10:25:15', 'APROBADA'),
    (143, 23, 27, 'PENDIENTE_INVESTIGACION', 'En revisión', '2025-04-06 15:50:40', 'EN_REVISION'),
    (144, 145, 3, 'FALSO_POSITIVO', 'OK', '2025-04-07 13:35:05', 'APROBADA'),
    (145, 78, 17, 'FRAUDE_CONFIRMADO', 'Bloqueada', '2025-04-08 19:20:30', 'BLOQUEADA'),
    (146, 34, 5, 'PENDIENTE_INVESTIGACION', 'Observación', '2025-04-09 12:15:55', 'NOTIFICADA'),
    (147, 156, 9, 'FALSO_POSITIVO', 'Aprobada', '2025-04-10 17:50:20', 'APROBADA'),
    (148, 89, 14, 'FRAUDE_CONFIRMADO', 'Bloqueada', '2025-04-11 14:35:45', 'BLOQUEADA'),
    (149, 5, 27, 'FALSO_POSITIVO', 'Normal', '2025-04-12 11:20:10', 'APROBADA'),
    (150, 112, 3, 'PENDIENTE_INVESTIGACION', 'Revisión', '2025-04-13 16:55:35', 'EN_REVISION'),
    (151, 67, 17, 'FRAUDE_CONFIRMADO', 'Alta', '2025-04-14 20:40:50', 'BLOQUEADA'),
    (152, 189, 5, 'FALSO_POSITIVO', 'Aprobada', '2025-04-15 10:25:15', 'APROBADA'),
    (153, 23, 9, 'PENDIENTE_INVESTIGACION', 'En proceso', '2025-04-16 15:50:40', 'NOTIFICADA'),
    (154, 145, 14, 'FALSO_POSITIVO', 'OK', '2025-04-17 13:35:05', 'APROBADA'),
    (155, 78, 27, 'FRAUDE_CONFIRMADO', 'Bloqueada', '2025-04-18 19:20:30', 'BLOQUEADA'),
    (156, 34, 3, 'PENDIENTE_INVESTIGACION', 'Revisar', '2025-04-19 12:15:55', 'EN_REVISION'),
    (157, 156, 17, 'FALSO_POSITIVO', 'Aprobada', '2025-04-20 17:50:20', 'APROBADA'),
    (158, 89, 5, 'FRAUDE_CONFIRMADO', 'Bloqueada', '2025-04-21 14:35:45', 'BLOQUEADA'),
    (159, 5, 9, 'FALSO_POSITIVO', 'Normal', '2025-04-22 11:20:10', 'APROBADA'),
    (160, 112, 14, 'PENDIENTE_INVESTIGACION', 'Revisión', '2025-04-23 16:55:35', 'NOTIFICADA'),
    (161, 67, 27, 'FRAUDE_CONFIRMADO', 'Confirmado', '2025-04-24 20:40:50', 'BLOQUEADA'),
    (162, 189, 3, 'FALSO_POSITIVO', 'Aprobada', '2025-04-25 10:25:15', 'APROBADA'),
    (163, 23, 17, 'PENDIENTE_INVESTIGACION', 'En revisión', '2025-04-26 15:50:40', 'EN_REVISION'),
    (164, 145, 5, 'FALSO_POSITIVO', 'OK', '2025-04-27 13:35:05', 'APROBADA'),
    (165, 78, 9, 'FRAUDE_CONFIRMADO', 'Bloqueada', '2025-04-28 19:20:30', 'BLOQUEADA'),
    (166, 34, 14, 'PENDIENTE_INVESTIGACION', 'Observar', '2025-04-29 12:15:55', 'NOTIFICADA'),
    (167, 156, 27, 'FALSO_POSITIVO', 'Aprobada', '2025-04-30 17:50:20', 'APROBADA'),
    (168, 89, 3, 'FRAUDE_CONFIRMADO', 'Bloqueada', '2025-05-01 14:35:45', 'BLOQUEADA'),
    (169, 5, 17, 'FALSO_POSITIVO', 'Normal', '2025-05-02 11:20:10', 'APROBADA'),
    (170, 112, 5, 'PENDIENTE_INVESTIGACION', 'Revisión', '2025-05-03 16:55:35', 'EN_REVISION'),
    (171, 67, 9, 'FRAUDE_CONFIRMADO', 'Alta', '2025-05-04 20:40:50', 'BLOQUEADA'),
    (172, 189, 14, 'FALSO_POSITIVO', 'Aprobada', '2025-05-05 10:25:15', 'APROBADA'),
    (173, 23, 27, 'PENDIENTE_INVESTIGACION', 'En revisión', '2025-05-06 15:50:40', 'NOTIFICADA'),
    (174, 145, 3, 'FALSO_POSITIVO', 'OK', '2025-05-07 13:35:05', 'APROBADA'),
    (175, 78, 17, 'FRAUDE_CONFIRMADO', 'Bloqueada', '2025-05-08 19:20:30', 'BLOQUEADA'),
    (176, 34, 5, 'PENDIENTE_INVESTIGACION', 'Revisar', '2025-05-09 12:15:55', 'EN_REVISION'),
    (177, 156, 9, 'FALSO_POSITIVO', 'Aprobada', '2025-05-10 17:50:20', 'APROBADA'),
    (178, 89, 14, 'FRAUDE_CONFIRMADO', 'Bloqueada', '2025-05-11 14:35:45', 'BLOQUEADA'),
    (179, 5, 27, 'FALSO_POSITIVO', 'Normal', '2025-05-12 11:20:10', 'APROBADA'),
    (180, 112, 3, 'PENDIENTE_INVESTIGACION', 'Revisión', '2025-05-13 16:55:35', 'NOTIFICADA'),
    (181, 67, 17, 'FRAUDE_CONFIRMADO', 'Confirmado', '2025-05-14 20:40:50', 'BLOQUEADA'),
    (182, 189, 5, 'FALSO_POSITIVO', 'Aprobada', '2025-05-15 10:25:15', 'APROBADA'),
    (183, 23, 9, 'PENDIENTE_INVESTIGACION', 'En proceso', '2025-05-16 15:50:40', 'EN_REVISION'),
    (184, 145, 14, 'FALSO_POSITIVO', 'OK', '2025-05-17 13:35:05', 'APROBADA'),
    (185, 78, 27, 'FRAUDE_CONFIRMADO', 'Bloqueada', '2025-05-18 19:20:30', 'BLOQUEADA'),
    (186, 34, 3, 'PENDIENTE_INVESTIGACION', 'Observación', '2025-05-19 12:15:55', 'NOTIFICADA'),
    (187, 156, 17, 'FALSO_POSITIVO', 'Aprobada', '2025-05-20 17:50:20', 'APROBADA'),
    (188, 89, 5, 'FRAUDE_CONFIRMADO', 'Bloqueada', '2025-05-21 14:35:45', 'BLOQUEADA'),
    (189, 5, 9, 'FALSO_POSITIVO', 'Normal', '2025-05-22 11:20:10', 'APROBADA'),
    (190, 112, 14, 'PENDIENTE_INVESTIGACION', 'Revisión', '2025-05-23 16:55:35', 'EN_REVISION'),
    (191, 67, 27, 'FRAUDE_CONFIRMADO', 'Alta', '2025-05-24 20:40:50', 'BLOQUEADA'),
    (192, 189, 3, 'FALSO_POSITIVO', 'Aprobada', '2025-05-25 10:25:15', 'APROBADA'),
    (193, 23, 17, 'PENDIENTE_INVESTIGACION', 'En revisión', '2025-05-26 15:50:40', 'NOTIFICADA'),
    (194, 145, 5, 'FALSO_POSITIVO', 'OK', '2025-05-27 13:35:05', 'APROBADA'),
    (195, 78, 9, 'FRAUDE_CONFIRMADO', 'Bloqueada', '2025-05-28 19:20:30', 'BLOQUEADA'),
    (196, 34, 14, 'PENDIENTE_INVESTIGACION', 'Revisar', '2025-05-29 12:15:55', 'EN_REVISION'),
    (197, 156, 27, 'FALSO_POSITIVO', 'Aprobada', '2025-05-30 17:50:20', 'APROBADA'),
    (198, 89, 3, 'FRAUDE_CONFIRMADO', 'Bloqueada', '2025-05-31 14:35:45', 'BLOQUEADA'),
    (199, 5, 17, 'FALSO_POSITIVO', 'Normal', '2025-06-01 11:20:10', 'APROBADA'),
    (200, 112, 5, 'PENDIENTE_INVESTIGACION', 'Revisión final', '2025-06-02 16:55:35', 'EN_REVISION');

INSERT INTO trida.reportes
    (id_reporte, id_usuario_generador, tipo_reporte, fecha_inicio, fecha_fin,
     total_transacciones, total_alertas_generadas, fraudes_detectados,
     falsos_positivos, tasa_deteccion, tiempo_promedio_respuesta,
     monto_protegido, fecha_generacion, ruta_archivo)
VALUES
    (1, 1, 'DIARIO', '2024-11-15', '2024-11-15', 1245, 23, 7, 4, 87.00, 2450, 45678000.5, '2024-11-16 08:30:15', '/reports/daily/20241115.pdf'),
    (2, 5, 'SEMANAL', '2024-11-11', '2024-11-17', 8730, 145, 38, 27, 82.00, 3120, 234890000.75, '2024-11-18 09:15:40', '/reports/weekly/20241117.pdf'),
    (3, 9, 'PERSONALIZADO', '2024-11-01', '2024-11-30', 24560, 567, 89, 45, 91.00, 2890, 678450000.0, '2024-12-01 10:45:22', '/reports/fraud/20241130.pdf'),
    (4, 14, 'DIARIO', '2024-11-16', '2024-11-16', 1389, 31, 12, 8, 85.00, 2670, 52340000.25, '2024-11-17 08:20:10', '/reports/daily/20241116.pdf'),
    (5, 17, 'MENSUAL', '2024-11-01', '2024-11-30', 67890, 1245, 203, 98, 88.00, 2980, 1456780000.8, '2024-12-02 11:30:55', '/reports/monthly/202411.pdf'),
    (6, 27, 'DIARIO', '2024-11-17', '2024-11-17', 1156, 19, 5, 3, 89.00, 2340, 38950000.0, '2024-11-18 08:10:45', '/reports/daily/20241117.pdf'),
    (7, 3, 'PERSONALIZADO', '2024-11-01', '2024-11-30', 24560, 567, 89, 45, 91.00, 2890, 678450000.0, '2024-12-01 14:25:30', '/reports/fraud/analysis_202411.pdf'),
    (8, 5, 'SEMANAL', '2024-11-18', '2024-11-24', 9120, 178, 52, 31, 86.00, 3050, 289760000.5, '2024-11-25 09:55:20', '/reports/weekly/20241124.pdf'),
    (9, 9, 'DIARIO', '2024-11-18', '2024-11-18', 1423, 28, 9, 6, 84.00, 2780, 45620000.75, '2024-11-19 08:40:15', '/reports/daily/20241118.pdf'),
    (10, 14, 'MENSUAL', '2024-11-01', '2024-11-30', 67890, 1245, 203, 98, 88.00, 2980, 1456780000.8, '2024-12-02 16:10:45', '/reports/monthly/november_2024.pdf'),
    (11, 17, 'PERSONALIZADO', '2024-12-01', '2024-12-07', 9870, 198, 67, 42, 90.00, 2650, 312450000.0, '2024-12-08 10:15:30', '/reports/fraud/20241207.pdf'),
    (12, 27, 'DIARIO', '2024-11-19', '2024-11-19', 1298, 24, 8, 5, 88.00, 2450, 42300000.5, '2024-11-20 08:35:10', '/reports/daily/20241119.pdf'),
    (13, 3, 'SEMANAL', '2024-11-25', '2024-12-01', 9450, 167, 48, 29, 87.00, 3100, 267890000.25, '2024-12-02 09:20:55', '/reports/weekly/20241201.pdf'),
    (14, 5, 'DIARIO', '2024-11-20', '2024-11-20', 1345, 26, 11, 7, 86.00, 2890, 48950000.0, '2024-11-21 08:50:40', '/reports/daily/20241120.pdf'),
    (15, 9, 'MENSUAL', '2024-12-01', '2024-12-31', 72560, 1345, 245, 112, 89.00, 2950, 1895670000.5, '2025-01-02 11:40:25', '/reports/monthly/december_2024.pdf'),
    (16, 14, 'PERSONALIZADO', '2024-12-01', '2024-12-15', 13450, 289, 78, 41, 88.00, 2780, 456780000.75, '2024-12-16 14:15:50', '/reports/fraud/20241215.pdf'),
    (17, 17, 'DIARIO', '2024-11-21', '2024-11-21', 1189, 21, 6, 4, 87.00, 2550, 39870000.0, '2024-11-22 08:25:35', '/reports/daily/20241121.pdf'),
    (18, 27, 'SEMANAL', '2024-12-02', '2024-12-08', 9680, 183, 55, 34, 86.00, 3020, 278450000.25, '2024-12-09 10:05:20', '/reports/weekly/20241208.pdf'),
    (19, 3, 'DIARIO', '2024-11-22', '2024-11-22', 1456, 32, 13, 9, 85.00, 2680, 51230000.5, '2024-11-23 08:45:15', '/reports/daily/20241122.pdf'),
    (20, 5, 'PERSONALIZADO', '2024-12-01', '2024-12-31', 72560, 1345, 245, 112, 89.00, 2950, 1895670000.5, '2025-01-02 15:30:40', '/reports/fraud/december_analysis.pdf'),
    (21, 9, 'DIARIO', '2024-11-23', '2024-11-23', 1324, 27, 10, 6, 88.00, 2590, 46780000.75, '2024-11-24 08:55:50', '/reports/daily/20241123.pdf'),
    (22, 14, 'MENSUAL', '2025-01-01', '2025-01-31', 68900, 1289, 234, 105, 90.00, 2870, 1765430000.0, '2025-02-01 11:20:25', '/reports/monthly/january_2025.pdf'),
    (23, 17, 'DIARIO', '2024-11-24', '2024-11-24', 1278, 25, 9, 5, 87.00, 2720, 44560000.25, '2024-11-25 08:40:30', '/reports/daily/20241124.pdf'),
    (24, 27, 'PERSONALIZADO', '2024-12-16', '2024-12-31', 15670, 345, 98, 52, 88.00, 2950, 567890000.5, '2025-01-01 14:45:10', '/reports/fraud/20241231.pdf'),
    (25, 3, 'SEMANAL', '2024-12-09', '2024-12-15', 9340, 176, 51, 30, 87.00, 3080, 289450000.75, '2024-12-16 09:35:55', '/reports/weekly/20241215.pdf'),
    (26, 5, 'DIARIO', '2024-11-25', '2024-11-25', 1398, 29, 11, 7, 86.00, 2640, 49870000.0, '2024-11-26 08:50:20', '/reports/daily/20241125.pdf'),
    (27, 9, 'MENSUAL', '2025-02-01', '2025-02-28', 71200, 1320, 256, 98, 89.00, 2910, 1689450000.25, '2025-03-01 10:55:40', '/reports/monthly/february_2025.pdf'),
    (28, 14, 'DIARIO', '2024-11-26', '2024-11-26', 1245, 22, 8, 5, 88.00, 2580, 42340000.5, '2024-11-27 08:35:15', '/reports/daily/20241126.pdf'),
    (29, 17, 'PERSONALIZADO', '2025-01-01', '2025-01-31', 68900, 1289, 234, 105, 90.00, 2870, 1765430000.0, '2025-02-01 16:20:30', '/reports/fraud/january_2025.pdf'),
    (30, 27, 'SEMANAL', '2024-12-16', '2024-12-22', 9780, 189, 62, 37, 86.00, 2990, 298760000.0, '2024-12-23 09:50:45', '/reports/weekly/20241222.pdf'),
    (31, 3, 'DIARIO', '2024-11-27', '2024-11-27', 1367, 26, 9, 6, 87.00, 2610, 47890000.25, '2024-11-28 08:45:30', '/reports/daily/20241127.pdf'),
    (32, 5, 'MENSUAL', '2025-03-01', '2025-03-31', 74560, 1456, 267, 123, 88.00, 2940, 1987650000.5, '2025-04-01 11:15:20', '/reports/monthly/march_2025.pdf'),
    (33, 9, 'DIARIO', '2024-11-28', '2024-11-28', 1290, 24, 8, 5, 89.00, 2550, 45670000.75, '2024-11-29 08:40:10', '/reports/daily/20241128.pdf'),
    (34, 14, 'PERSONALIZADO', '2025-02-01', '2025-02-28', 71200, 1320, 256, 98, 89.00, 2910, 1689450000.25, '2025-03-01 15:30:40', '/reports/fraud/february_2025.pdf'),
    (35, 17, 'SEMANAL', '2024-12-23', '2024-12-29', 9650, 184, 59, 36, 87.00, 3010, 287650000.0, '2024-12-30 10:05:25', '/reports/weekly/20241229.pdf'),
    (36, 27, 'DIARIO', '2024-11-29', '2024-11-29', 1412, 30, 12, 8, 86.00, 2690, 51230000.5, '2024-11-30 08:55:40', '/reports/daily/20241129.pdf'),
    (37, 3, 'MENSUAL', '2025-04-01', '2025-04-30', 68900, 1345, 245, 112, 89.00, 2950, 1895670000.5, '2025-05-01 11:40:25', '/reports/monthly/april_2025.pdf'),
    (38, 5, 'DIARIO', '2024-11-30', '2024-11-30', 1256, 23, 7, 4, 88.00, 2520, 43450000.0, '2024-12-01 08:30:15', '/reports/daily/20241130.pdf'),
    (39, 9, 'PERSONALIZADO', '2025-03-01', '2025-03-31', 74560, 1456, 267, 123, 88.00, 2940, 1987650000.5, '2025-04-01 14:45:30', '/reports/fraud/march_2025.pdf'),
    (40, 14, 'SEMANAL', '2024-12-30', '2025-01-05', 10230, 203, 71, 39, 87.00, 2980, 312450000.75, '2025-01-06 09:35:50', '/reports/weekly/20250105.pdf'),
    (41, 17, 'DIARIO', '2024-12-01', '2024-12-01', 1345, 25, 9, 5, 87.00, 2630, 46780000.25, '2024-12-02 08:40:20', '/reports/daily/20241201.pdf'),
    (42, 27, 'MENSUAL', '2025-05-01', '2025-05-31', 72340, 1389, 256, 98, 89.00, 2920, 1789450000.0, '2025-06-01 11:20:45', '/reports/monthly/may_2025.pdf'),
    (43, 3, 'DIARIO', '2024-12-02', '2024-12-02', 1289, 24, 8, 5, 88.00, 2570, 44560000.5, '2024-12-03 08:35:10', '/reports/daily/20241202.pdf'),
    (44, 5, 'PERSONALIZADO', '2025-04-01', '2025-04-30', 68900, 1345, 245, 112, 89.00, 2950, 1895670000.5, '2025-05-01 16:10:30', '/reports/fraud/april_2025.pdf'),
    (45, 9, 'SEMANAL', '2025-01-06', '2025-01-12', 9870, 198, 67, 42, 90.00, 2890, 298760000.25, '2025-01-13 10:15:55', '/reports/weekly/20250112.pdf'),
    (46, 14, 'DIARIO', '2024-12-03', '2024-12-03', 1398, 29, 11, 7, 86.00, 2710, 51230000.75, '2024-12-04 08:50:40', '/reports/daily/20241203.pdf'),
    (47, 17, 'MENSUAL', '2025-06-01', '2025-06-30', 71200, 1320, 256, 98, 89.00, 2910, 1689450000.25, '2025-07-01 11:55:20', '/reports/monthly/june_2025.pdf'),
    (48, 27, 'DIARIO', '2024-12-04', '2024-12-04', 1267, 23, 7, 4, 87.00, 2590, 43450000.0, '2024-12-05 08:30:25', '/reports/daily/20241204.pdf'),
    (49, 3, 'PERSONALIZADO', '2025-05-01', '2025-05-31', 72340, 1389, 256, 98, 89.00, 2920, 1789450000.0, '2025-06-01 15:40:45', '/reports/fraud/may_2025.pdf'),
    (50, 5, 'SEMANAL', '2025-01-13', '2025-01-19', 9650, 184, 59, 36, 87.00, 3010, 287650000.0, '2025-01-20 09:50:30', '/reports/weekly/20250119.pdf'),
    (51, 9, 'DIARIO', '2024-12-05', '2024-12-05', 1312, 26, 9, 6, 88.00, 2630, 46780000.25, '2024-12-06 08:45:15', '/reports/daily/20241205.pdf'),
    (52, 14, 'MENSUAL', '2025-07-01', '2025-07-31', 73450, 1423, 267, 112, 88.00, 2940, 1987650000.5, '2025-08-01 11:30:40', '/reports/monthly/july_2025.pdf'),
    (53, 17, 'DIARIO', '2024-12-06', '2024-12-06', 1289, 24, 8, 5, 89.00, 2570, 44560000.5, '2024-12-07 08:40:20', '/reports/daily/20241206.pdf'),
    (54, 27, 'PERSONALIZADO', '2025-06-01', '2025-06-30', 71200, 1320, 256, 98, 89.00, 2910, 1689450000.25, '2025-07-01 14:55:30', '/reports/fraud/june_2025.pdf'),
    (55, 3, 'SEMANAL', '2025-01-20', '2025-01-26', 9780, 189, 62, 37, 86.00, 2990, 298760000.0, '2025-01-27 10:05:25', '/reports/weekly/20250126.pdf'),
    (56, 5, 'DIARIO', '2024-12-07', '2024-12-07', 1423, 28, 10, 6, 87.00, 2680, 48950000.75, '2024-12-08 08:55:40', '/reports/daily/20241207.pdf'),
    (57, 9, 'MENSUAL', '2025-08-01', '2025-08-31', 74560, 1456, 278, 123, 89.00, 2950, 2012340000.0, '2025-09-01 11:40:25', '/reports/monthly/august_2025.pdf'),
    (58, 14, 'DIARIO', '2024-12-08', '2024-12-08', 1256, 23, 7, 4, 88.00, 2520, 43450000.0, '2024-12-09 08:30:15', '/reports/daily/20241208.pdf'),
    (59, 17, 'PERSONALIZADO', '2025-07-01', '2025-07-31', 73450, 1423, 267, 112, 88.00, 2940, 1987650000.5, '2025-08-01 16:20:30', '/reports/fraud/july_2025.pdf'),
    (60, 27, 'SEMANAL', '2025-01-27', '2025-02-02', 9340, 176, 51, 30, 87.00, 3080, 289450000.25, '2025-02-03 09:35:50', '/reports/weekly/20250202.pdf'),
    (61, 3, 'DIARIO', '2024-12-09', '2024-12-09', 1398, 29, 11, 7, 86.00, 2710, 51230000.5, '2024-12-10 08:50:40', '/reports/daily/20241209.pdf'),
    (62, 5, 'MENSUAL', '2025-09-01', '2025-09-30', 71200, 1320, 256, 98, 89.00, 2910, 1689450000.25, '2025-10-01 11:55:20', '/reports/monthly/september_2025.pdf'),
    (63, 9, 'DIARIO', '2024-12-10', '2024-12-10', 1267, 23, 7, 4, 87.00, 2590, 43450000.0, '2024-12-11 08:30:25', '/reports/daily/20241210.pdf'),
    (64, 14, 'PERSONALIZADO', '2025-08-01', '2025-08-31', 74560, 1456, 278, 123, 89.00, 2950, 2012340000.0, '2025-09-01 14:45:30', '/reports/fraud/august_2025.pdf'),
    (65, 17, 'SEMANAL', '2025-02-03', '2025-02-09', 9650, 184, 59, 36, 87.00, 3010, 287650000.0, '2025-02-10 10:05:25', '/reports/weekly/20250209.pdf'),
    (66, 27, 'DIARIO', '2024-12-11', '2024-12-11', 1412, 30, 12, 8, 86.00, 2690, 49870000.25, '2024-12-12 08:55:40', '/reports/daily/20241211.pdf'),
    (67, 3, 'MENSUAL', '2025-10-01', '2025-10-31', 73450, 1423, 267, 112, 88.00, 2940, 1987650000.5, '2025-11-01 11:40:25', '/reports/monthly/october_2025.pdf'),
    (68, 5, 'DIARIO', '2024-12-12', '2024-12-12', 1289, 24, 8, 5, 89.00, 2570, 44560000.5, '2024-12-13 08:40:20', '/reports/daily/20241212.pdf'),
    (69, 9, 'PERSONALIZADO', '2025-09-01', '2025-09-30', 71200, 1320, 256, 98, 89.00, 2910, 1689450000.25, '2025-10-01 15:30:40', '/reports/fraud/september_2025.pdf'),
    (70, 14, 'SEMANAL', '2025-02-10', '2025-02-16', 9780, 189, 62, 37, 86.00, 2990, 298760000.0, '2025-02-17 09:50:30', '/reports/weekly/20250216.pdf'),
    (71, 17, 'DIARIO', '2024-12-13', '2024-12-13', 1345, 25, 9, 5, 87.00, 2630, 46780000.25, '2024-12-14 08:45:15', '/reports/daily/20241213.pdf'),
    (72, 27, 'MENSUAL', '2025-11-01', '2025-11-30', 74560, 1456, 278, 123, 89.00, 2950, 2012340000.0, '2025-12-01 11:55:20', '/reports/monthly/november_2025.pdf'),
    (73, 3, 'DIARIO', '2024-12-14', '2024-12-14', 1298, 24, 8, 5, 88.00, 2570, 44560000.5, '2024-12-15 08:40:20', '/reports/daily/20241214.pdf'),
    (74, 5, 'PERSONALIZADO', '2025-10-01', '2025-10-31', 73450, 1423, 267, 112, 88.00, 2940, 1987650000.5, '2025-11-01 16:20:30', '/reports/fraud/october_2025.pdf'),
    (75, 9, 'SEMANAL', '2025-02-17', '2025-02-23', 9340, 176, 51, 30, 87.00, 3080, 289450000.25, '2025-02-24 10:05:25', '/reports/weekly/20250223.pdf'),
    (76, 14, 'DIARIO', '2024-12-15', '2024-12-15', 1367, 26, 9, 6, 88.00, 2610, 47890000.75, '2024-12-16 08:50:40', '/reports/daily/20241215.pdf'),
    (77, 17, 'MENSUAL', '2025-12-01', '2025-12-31', 75670, 1489, 289, 134, 89.00, 2960, 2098760000.0, '2026-01-01 11:40:25', '/reports/monthly/december_2025.pdf'),
    (78, 27, 'DIARIO', '2024-12-16', '2024-12-16', 1256, 23, 7, 4, 87.00, 2520, 43450000.0, '2024-12-17 08:30:15', '/reports/daily/20241216.pdf'),
    (79, 3, 'PERSONALIZADO', '2025-11-01', '2025-11-30', 74560, 1456, 278, 123, 89.00, 2950, 2012340000.0, '2025-12-01 14:45:30', '/reports/fraud/november_2025.pdf'),
    (80, 5, 'SEMANAL', '2025-02-24', '2025-03-02', 9650, 184, 59, 36, 87.00, 3010, 287650000.0, '2025-03-03 09:50:30', '/reports/weekly/20250302.pdf'),
    (81, 9, 'DIARIO', '2024-12-17', '2024-12-17', 1412, 30, 12, 8, 86.00, 2690, 49870000.25, '2024-12-18 08:55:40', '/reports/daily/20241217.pdf'),
    (82, 14, 'MENSUAL', '2026-01-01', '2026-01-31', 72340, 1389, 256, 98, 89.00, 2920, 1789450000.0, '2026-02-01 11:30:40', '/reports/monthly/january_2026.pdf'),
    (83, 17, 'DIARIO', '2024-12-18', '2024-12-18', 1289, 24, 8, 5, 89.00, 2570, 44560000.5, '2024-12-19 08:40:20', '/reports/daily/20241218.pdf'),
    (84, 27, 'PERSONALIZADO', '2025-12-01', '2025-12-31', 75670, 1489, 289, 134, 89.00, 2960, 2098760000.0, '2026-01-01 15:20:30', '/reports/fraud/december_2025.pdf'),
    (85, 3, 'SEMANAL', '2025-03-03', '2025-03-09', 9780, 189, 62, 37, 86.00, 2990, 298760000.0, '2025-03-10 10:05:25', '/reports/weekly/20250309.pdf'),
    (86, 5, 'DIARIO', '2024-12-19', '2024-12-19', 1345, 25, 9, 5, 87.00, 2630, 46780000.25, '2024-12-20 08:45:15', '/reports/daily/20241219.pdf'),
    (87, 9, 'MENSUAL', '2026-02-01', '2026-02-28', 73450, 1423, 267, 112, 88.00, 2940, 1987650000.5, '2026-03-01 11:40:25', '/reports/monthly/february_2026.pdf'),
    (88, 14, 'DIARIO', '2024-12-20', '2024-12-20', 1298, 24, 8, 5, 88.00, 2570, 44560000.5, '2024-12-21 08:40:20', '/reports/daily/20241220.pdf'),
    (89, 17, 'PERSONALIZADO', '2026-01-01', '2026-01-31', 72340, 1389, 256, 98, 89.00, 2920, 1789450000.0, '2026-02-01 16:10:30', '/reports/fraud/january_2026.pdf'),
    (90, 27, 'SEMANAL', '2025-03-10', '2025-03-16', 9340, 176, 51, 30, 87.00, 3080, 289450000.25, '2025-03-17 09:35:50', '/reports/weekly/20250316.pdf'),
    (91, 3, 'DIARIO', '2024-12-21', '2024-12-21', 1367, 26, 9, 6, 88.00, 2610, 47890000.75, '2024-12-22 08:50:40', '/reports/daily/20241221.pdf'),
    (92, 5, 'MENSUAL', '2026-03-01', '2026-03-31', 74560, 1456, 278, 123, 89.00, 2950, 2012340000.0, '2026-04-01 11:55:20', '/reports/monthly/march_2026.pdf'),
    (93, 9, 'DIARIO', '2024-12-22', '2024-12-22', 1256, 23, 7, 4, 87.00, 2520, 43450000.0, '2024-12-23 08:30:15', '/reports/daily/20241222.pdf'),
    (94, 14, 'PERSONALIZADO', '2026-02-01', '2026-02-28', 73450, 1423, 267, 112, 88.00, 2940, 1987650000.5, '2026-03-01 15:30:40', '/reports/fraud/february_2026.pdf'),
    (95, 17, 'SEMANAL', '2025-03-17', '2025-03-23', 9650, 184, 59, 36, 87.00, 3010, 287650000.0, '2025-03-24 10:05:25', '/reports/weekly/20250323.pdf'),
    (96, 27, 'DIARIO', '2024-12-23', '2024-12-23', 1412, 30, 12, 8, 86.00, 2690, 49870000.25, '2024-12-24 08:55:40', '/reports/daily/20241223.pdf'),
    (97, 3, 'MENSUAL', '2026-04-01', '2026-04-30', 75670, 1489, 289, 134, 89.00, 2960, 2098760000.0, '2026-05-01 11:40:25', '/reports/monthly/april_2026.pdf'),
    (98, 5, 'DIARIO', '2024-12-24', '2024-12-24', 1289, 24, 8, 5, 89.00, 2570, 44560000.5, '2024-12-25 08:40:20', '/reports/daily/20241224.pdf'),
    (99, 9, 'PERSONALIZADO', '2026-03-01', '2026-03-31', 74560, 1456, 278, 123, 89.00, 2950, 2012340000.0, '2026-04-01 14:45:30', '/reports/fraud/march_2026.pdf'),
    (100, 14, 'SEMANAL', '2025-03-24', '2025-03-30', 9780, 189, 62, 37, 86.00, 2990, 298760000.0, '2025-03-31 09:50:30', '/reports/weekly/20250330.pdf'),
    (101, 17, 'DIARIO', '2024-12-25', '2024-12-25', 1345, 25, 9, 5, 87.00, 2630, 46780000.25, '2024-12-26 08:45:15', '/reports/daily/20241225.pdf'),
    (102, 27, 'MENSUAL', '2026-05-01', '2026-05-31', 72340, 1389, 256, 98, 89.00, 2920, 1789450000.0, '2026-06-01 11:30:40', '/reports/monthly/may_2026.pdf'),
    (103, 3, 'DIARIO', '2024-12-26', '2024-12-26', 1298, 24, 8, 5, 88.00, 2570, 44560000.5, '2024-12-27 08:40:20', '/reports/daily/20241226.pdf'),
    (104, 5, 'PERSONALIZADO', '2026-04-01', '2026-04-30', 75670, 1489, 289, 134, 89.00, 2960, 2098760000.0, '2026-05-01 15:20:30', '/reports/fraud/april_2026.pdf'),
    (105, 9, 'SEMANAL', '2025-03-31', '2025-04-06', 9340, 176, 51, 30, 87.00, 3080, 289450000.25, '2025-04-07 10:05:25', '/reports/weekly/20250406.pdf'),
    (106, 14, 'DIARIO', '2024-12-27', '2024-12-27', 1367, 26, 9, 6, 88.00, 2610, 47890000.75, '2024-12-28 08:50:40', '/reports/daily/20241227.pdf'),
    (107, 17, 'MENSUAL', '2026-06-01', '2026-06-30', 73450, 1423, 267, 112, 88.00, 2940, 1987650000.5, '2026-07-01 11:40:25', '/reports/monthly/june_2026.pdf'),
    (108, 27, 'DIARIO', '2024-12-28', '2024-12-28', 1256, 23, 7, 4, 87.00, 2520, 43450000.0, '2024-12-29 08:30:15', '/reports/daily/20241228.pdf'),
    (109, 3, 'PERSONALIZADO', '2026-05-01', '2026-05-31', 72340, 1389, 256, 98, 89.00, 2920, 1789450000.0, '2026-06-01 14:45:30', '/reports/fraud/may_2026.pdf'),
    (110, 5, 'SEMANAL', '2025-04-07', '2025-04-13', 9650, 184, 59, 36, 87.00, 3010, 287650000.0, '2025-04-14 09:50:30', '/reports/weekly/20250413.pdf'),
    (111, 9, 'DIARIO', '2024-12-29', '2024-12-29', 1412, 30, 12, 8, 86.00, 2690, 49870000.25, '2024-12-30 08:55:40', '/reports/daily/20241229.pdf'),
    (112, 14, 'MENSUAL', '2026-07-01', '2026-07-31', 74560, 1456, 278, 123, 89.00, 2950, 2012340000.0, '2026-08-01 11:55:20', '/reports/monthly/july_2026.pdf'),
    (113, 17, 'DIARIO', '2024-12-30', '2024-12-30', 1289, 24, 8, 5, 89.00, 2570, 44560000.5, '2024-12-31 08:40:20', '/reports/daily/20241230.pdf'),
    (114, 27, 'PERSONALIZADO', '2026-06-01', '2026-06-30', 73450, 1423, 267, 112, 88.00, 2940, 1987650000.5, '2026-07-01 15:30:40', '/reports/fraud/june_2026.pdf'),
    (115, 3, 'SEMANAL', '2025-04-14', '2025-04-20', 9780, 189, 62, 37, 86.00, 2990, 298760000.0, '2025-04-21 10:05:25', '/reports/weekly/20250420.pdf'),
    (116, 5, 'DIARIO', '2024-12-31', '2024-12-31', 1345, 25, 9, 5, 87.00, 2630, 46780000.25, '2025-01-01 08:45:15', '/reports/daily/20241231.pdf'),
    (117, 9, 'MENSUAL', '2026-08-01', '2026-08-31', 75670, 1489, 289, 134, 89.00, 2960, 2098760000.0, '2026-09-01 11:40:25', '/reports/monthly/august_2026.pdf'),
    (118, 14, 'DIARIO', '2025-01-01', '2025-01-01', 1298, 24, 8, 5, 88.00, 2570, 44560000.5, '2025-01-02 08:40:20', '/reports/daily/20250101.pdf'),
    (119, 17, 'PERSONALIZADO', '2026-07-01', '2026-07-31', 74560, 1456, 278, 123, 89.00, 2950, 2012340000.0, '2026-08-01 14:45:30', '/reports/fraud/july_2026.pdf'),
    (120, 27, 'SEMANAL', '2025-04-21', '2025-04-27', 9340, 176, 51, 30, 87.00, 3080, 289450000.25, '2025-04-28 09:35:50', '/reports/weekly/20250427.pdf'),
    (121, 3, 'DIARIO', '2025-01-02', '2025-01-02', 1367, 26, 9, 6, 88.00, 2610, 47890000.75, '2025-01-03 08:50:40', '/reports/daily/20250102.pdf'),
    (122, 5, 'MENSUAL', '2026-09-01', '2026-09-30', 72340, 1389, 256, 98, 89.00, 2920, 1789450000.0, '2026-10-01 11:30:40', '/reports/monthly/september_2026.pdf'),
    (123, 9, 'DIARIO', '2025-01-03', '2025-01-03', 1256, 23, 7, 4, 87.00, 2520, 43450000.0, '2025-01-04 08:30:15', '/reports/daily/20250103.pdf'),
    (124, 14, 'PERSONALIZADO', '2026-08-01', '2026-08-31', 75670, 1489, 289, 134, 89.00, 2960, 2098760000.0, '2026-09-01 15:20:30', '/reports/fraud/august_2026.pdf'),
    (125, 17, 'SEMANAL', '2025-04-28', '2025-05-04', 9650, 184, 59, 36, 87.00, 3010, 287650000.0, '2025-05-05 10:05:25', '/reports/weekly/20250504.pdf'),
    (126, 27, 'DIARIO', '2025-01-04', '2025-01-04', 1412, 30, 12, 8, 86.00, 2690, 49870000.25, '2025-01-05 08:55:40', '/reports/daily/20250104.pdf'),
    (127, 3, 'MENSUAL', '2026-10-01', '2026-10-31', 73450, 1423, 267, 112, 88.00, 2940, 1987650000.5, '2026-11-01 11:40:25', '/reports/monthly/october_2026.pdf'),
    (128, 5, 'DIARIO', '2025-01-05', '2025-01-05', 1289, 24, 8, 5, 89.00, 2570, 44560000.5, '2025-01-06 08:40:20', '/reports/daily/20250105.pdf'),
    (129, 9, 'PERSONALIZADO', '2026-09-01', '2026-09-30', 72340, 1389, 256, 98, 89.00, 2920, 1789450000.0, '2026-10-01 14:45:30', '/reports/fraud/september_2026.pdf'),
    (130, 14, 'SEMANAL', '2025-05-05', '2025-05-11', 9780, 189, 62, 37, 86.00, 2990, 298760000.0, '2025-05-12 09:50:30', '/reports/weekly/20250511.pdf'),
    (131, 17, 'DIARIO', '2025-01-06', '2025-01-06', 1345, 25, 9, 5, 87.00, 2630, 46780000.25, '2025-01-07 08:45:15', '/reports/daily/20250106.pdf'),
    (132, 27, 'MENSUAL', '2026-11-01', '2026-11-30', 74560, 1456, 278, 123, 89.00, 2950, 2012340000.0, '2026-12-01 11:55:20', '/reports/monthly/november_2026.pdf'),
    (133, 3, 'DIARIO', '2025-01-07', '2025-01-07', 1298, 24, 8, 5, 88.00, 2570, 44560000.5, '2025-01-08 08:40:20', '/reports/daily/20250107.pdf'),
    (134, 5, 'PERSONALIZADO', '2026-10-01', '2026-10-31', 73450, 1423, 267, 112, 88.00, 2940, 1987650000.5, '2026-11-01 15:30:40', '/reports/fraud/october_2026.pdf'),
    (135, 9, 'SEMANAL', '2025-05-12', '2025-05-18', 9340, 176, 51, 30, 87.00, 3080, 289450000.25, '2025-05-19 10:05:25', '/reports/weekly/20250518.pdf'),
    (136, 14, 'DIARIO', '2025-01-08', '2025-01-08', 1367, 26, 9, 6, 88.00, 2610, 47890000.75, '2025-01-09 08:50:40', '/reports/daily/20250108.pdf'),
    (137, 17, 'MENSUAL', '2026-12-01', '2026-12-31', 75670, 1489, 289, 134, 89.00, 2960, 2098760000.0, '2027-01-01 11:40:25', '/reports/monthly/december_2026.pdf'),
    (138, 27, 'DIARIO', '2025-01-09', '2025-01-09', 1256, 23, 7, 4, 87.00, 2520, 43450000.0, '2025-01-10 08:30:15', '/reports/daily/20250109.pdf'),
    (139, 3, 'PERSONALIZADO', '2026-11-01', '2026-11-30', 74560, 1456, 278, 123, 89.00, 2950, 2012340000.0, '2026-12-01 14:45:30', '/reports/fraud/november_2026.pdf'),
    (140, 5, 'SEMANAL', '2025-05-19', '2025-05-25', 9650, 184, 59, 36, 87.00, 3010, 287650000.0, '2025-05-26 09:50:30', '/reports/weekly/20250525.pdf'),
    (141, 9, 'DIARIO', '2025-01-10', '2025-01-10', 1412, 30, 12, 8, 86.00, 2690, 49870000.25, '2025-01-11 08:55:40', '/reports/daily/20250110.pdf'),
    (142, 14, 'MENSUAL', '2027-01-01', '2027-01-31', 72340, 1389, 256, 98, 89.00, 2920, 1789450000.0, '2027-02-01 11:30:40', '/reports/monthly/january_2027.pdf'),
    (143, 17, 'DIARIO', '2025-01-11', '2025-01-11', 1289, 24, 8, 5, 89.00, 2570, 44560000.5, '2025-01-12 08:40:20', '/reports/daily/20250111.pdf'),
    (144, 27, 'PERSONALIZADO', '2026-12-01', '2026-12-31', 75670, 1489, 289, 134, 89.00, 2960, 2098760000.0, '2027-01-01 15:20:30', '/reports/fraud/december_2026.pdf'),
    (145, 3, 'SEMANAL', '2025-05-26', '2025-06-01', 9780, 189, 62, 37, 86.00, 2990, 298760000.0, '2025-06-02 10:05:25', '/reports/weekly/20250601.pdf'),
    (146, 5, 'DIARIO', '2025-01-12', '2025-01-12', 1345, 25, 9, 5, 87.00, 2630, 46780000.25, '2025-01-13 08:45:15', '/reports/daily/20250112.pdf'),
    (147, 9, 'MENSUAL', '2027-02-01', '2027-02-28', 73450, 1423, 267, 112, 88.00, 2940, 1987650000.5, '2027-03-01 11:40:25', '/reports/monthly/february_2027.pdf'),
    (148, 14, 'DIARIO', '2025-01-13', '2025-01-13', 1298, 24, 8, 5, 88.00, 2570, 44560000.5, '2025-01-14 08:40:20', '/reports/daily/20250113.pdf'),
    (149, 17, 'PERSONALIZADO', '2027-01-01', '2027-01-31', 72340, 1389, 256, 98, 89.00, 2920, 1789450000.0, '2027-02-01 14:45:30', '/reports/fraud/january_2027.pdf'),
    (150, 27, 'SEMANAL', '2025-06-02', '2025-06-08', 9340, 176, 51, 30, 87.00, 3080, 289450000.25, '2025-06-09 09:35:50', '/reports/weekly/20250608.pdf'),
    (151, 3, 'DIARIO', '2025-01-14', '2025-01-14', 1367, 26, 9, 6, 88.00, 2610, 47890000.75, '2025-01-15 08:50:40', '/reports/daily/20250114.pdf'),
    (152, 5, 'MENSUAL', '2027-03-01', '2027-03-31', 74560, 1456, 278, 123, 89.00, 2950, 2012340000.0, '2027-04-01 11:55:20', '/reports/monthly/march_2027.pdf'),
    (153, 9, 'DIARIO', '2025-01-15', '2025-01-15', 1256, 23, 7, 4, 87.00, 2520, 43450000.0, '2025-01-16 08:30:15', '/reports/daily/20250115.pdf'),
    (154, 14, 'PERSONALIZADO', '2027-02-01', '2027-02-28', 73450, 1423, 267, 112, 88.00, 2940, 1987650000.5, '2027-03-01 15:30:40', '/reports/fraud/february_2027.pdf'),
    (155, 17, 'SEMANAL', '2025-06-09', '2025-06-15', 9650, 184, 59, 36, 87.00, 3010, 287650000.0, '2025-06-16 10:05:25', '/reports/weekly/20250615.pdf'),
    (156, 27, 'DIARIO', '2025-01-16', '2025-01-16', 1412, 30, 12, 8, 86.00, 2690, 49870000.25, '2025-01-17 08:55:40', '/reports/daily/20250116.pdf'),
    (157, 3, 'MENSUAL', '2027-04-01', '2027-04-30', 75670, 1489, 289, 134, 89.00, 2960, 2098760000.0, '2027-05-01 11:40:25', '/reports/monthly/april_2027.pdf'),
    (158, 5, 'DIARIO', '2025-01-17', '2025-01-17', 1289, 24, 8, 5, 89.00, 2570, 44560000.5, '2025-01-18 08:40:20', '/reports/daily/20250117.pdf'),
    (159, 9, 'PERSONALIZADO', '2027-03-01', '2027-03-31', 74560, 1456, 278, 123, 89.00, 2950, 2012340000.0, '2027-04-01 14:45:30', '/reports/fraud/march_2027.pdf'),
    (160, 14, 'SEMANAL', '2025-06-16', '2025-06-22', 9780, 189, 62, 37, 86.00, 2990, 298760000.0, '2025-06-23 09:50:30', '/reports/weekly/20250622.pdf'),
    (161, 17, 'DIARIO', '2025-01-18', '2025-01-18', 1345, 25, 9, 5, 87.00, 2630, 46780000.25, '2025-01-19 08:45:15', '/reports/daily/20250118.pdf'),
    (162, 27, 'MENSUAL', '2027-05-01', '2027-05-31', 72340, 1389, 256, 98, 89.00, 2920, 1789450000.0, '2027-06-01 11:30:40', '/reports/monthly/may_2027.pdf'),
    (163, 3, 'DIARIO', '2025-01-19', '2025-01-19', 1298, 24, 8, 5, 88.00, 2570, 44560000.5, '2025-01-20 08:40:20', '/reports/daily/20250119.pdf'),
    (164, 5, 'PERSONALIZADO', '2027-04-01', '2027-04-30', 75670, 1489, 289, 134, 89.00, 2960, 2098760000.0, '2027-05-01 15:20:30', '/reports/fraud/april_2027.pdf'),
    (165, 9, 'SEMANAL', '2025-06-23', '2025-06-29', 9340, 176, 51, 30, 87.00, 3080, 289450000.25, '2025-06-30 10:05:25', '/reports/weekly/20250629.pdf'),
    (166, 14, 'DIARIO', '2025-01-20', '2025-01-20', 1367, 26, 9, 6, 88.00, 2610, 47890000.75, '2025-01-21 08:50:40', '/reports/daily/20250120.pdf'),
    (167, 17, 'MENSUAL', '2027-06-01', '2027-06-30', 73450, 1423, 267, 112, 88.00, 2940, 1987650000.5, '2027-07-01 11:40:25', '/reports/monthly/june_2027.pdf'),
    (168, 27, 'DIARIO', '2025-01-21', '2025-01-21', 1256, 23, 7, 4, 87.00, 2520, 43450000.0, '2025-01-22 08:30:15', '/reports/daily/20250121.pdf'),
    (169, 3, 'PERSONALIZADO', '2027-05-01', '2027-05-31', 72340, 1389, 256, 98, 89.00, 2920, 1789450000.0, '2027-06-01 14:45:30', '/reports/fraud/may_2027.pdf'),
    (170, 5, 'SEMANAL', '2025-06-30', '2025-07-06', 9650, 184, 59, 36, 87.00, 3010, 287650000.0, '2025-07-07 09:50:30', '/reports/weekly/20250706.pdf'),
    (171, 9, 'DIARIO', '2025-01-22', '2025-01-22', 1412, 30, 12, 8, 86.00, 2690, 49870000.25, '2025-01-23 08:55:40', '/reports/daily/20250122.pdf'),
    (172, 14, 'MENSUAL', '2027-07-01', '2027-07-31', 74560, 1456, 278, 123, 89.00, 2950, 2012340000.0, '2027-08-01 11:55:20', '/reports/monthly/july_2027.pdf'),
    (173, 17, 'DIARIO', '2025-01-23', '2025-01-23', 1289, 24, 8, 5, 89.00, 2570, 44560000.5, '2025-01-24 08:40:20', '/reports/daily/20250123.pdf'),
    (174, 27, 'PERSONALIZADO', '2027-06-01', '2027-06-30', 73450, 1423, 267, 112, 88.00, 2940, 1987650000.5, '2027-07-01 15:30:40', '/reports/fraud/june_2027.pdf'),
    (175, 3, 'SEMANAL', '2025-07-07', '2025-07-13', 9780, 189, 62, 37, 86.00, 2990, 298760000.0, '2025-07-14 10:05:25', '/reports/weekly/20250713.pdf'),
    (176, 5, 'DIARIO', '2025-01-24', '2025-01-24', 1345, 25, 9, 5, 87.00, 2630, 46780000.25, '2025-01-25 08:45:15', '/reports/daily/20250124.pdf'),
    (177, 9, 'MENSUAL', '2027-08-01', '2027-08-31', 75670, 1489, 289, 134, 89.00, 2960, 2098760000.0, '2027-09-01 11:40:25', '/reports/monthly/august_2027.pdf'),
    (178, 14, 'DIARIO', '2025-01-25', '2025-01-25', 1298, 24, 8, 5, 88.00, 2570, 44560000.5, '2025-01-26 08:40:20', '/reports/daily/20250125.pdf'),
    (179, 17, 'PERSONALIZADO', '2027-07-01', '2027-07-31', 74560, 1456, 278, 123, 89.00, 2950, 2012340000.0, '2027-08-01 14:45:30', '/reports/fraud/july_2027.pdf'),
    (180, 27, 'SEMANAL', '2025-07-14', '2025-07-20', 9340, 176, 51, 30, 87.00, 3080, 289450000.25, '2025-07-21 09:35:50', '/reports/weekly/20250720.pdf'),
    (181, 3, 'DIARIO', '2025-01-26', '2025-01-26', 1367, 26, 9, 6, 88.00, 2610, 47890000.75, '2025-01-27 08:50:40', '/reports/daily/20250126.pdf'),
    (182, 5, 'MENSUAL', '2027-09-01', '2027-09-30', 72340, 1389, 256, 98, 89.00, 2920, 1789450000.0, '2027-10-01 11:30:40', '/reports/monthly/september_2027.pdf'),
    (183, 9, 'DIARIO', '2025-01-27', '2025-01-27', 1256, 23, 7, 4, 87.00, 2520, 43450000.0, '2025-01-28 08:30:15', '/reports/daily/20250127.pdf'),
    (184, 14, 'PERSONALIZADO', '2027-08-01', '2027-08-31', 75670, 1489, 289, 134, 89.00, 2960, 2098760000.0, '2027-09-01 15:20:30', '/reports/fraud/august_2027.pdf'),
    (185, 17, 'SEMANAL', '2025-07-21', '2025-07-27', 9650, 184, 59, 36, 87.00, 3010, 287650000.0, '2025-07-28 10:05:25', '/reports/weekly/20250727.pdf'),
    (186, 27, 'DIARIO', '2025-01-28', '2025-01-28', 1412, 30, 12, 8, 86.00, 2690, 49870000.25, '2025-01-29 08:55:40', '/reports/daily/20250128.pdf'),
    (187, 3, 'MENSUAL', '2027-10-01', '2027-10-31', 73450, 1423, 267, 112, 88.00, 2940, 1987650000.5, '2027-11-01 11:40:25', '/reports/monthly/october_2027.pdf'),
    (188, 5, 'DIARIO', '2025-01-29', '2025-01-29', 1289, 24, 8, 5, 89.00, 2570, 44560000.5, '2025-01-30 08:40:20', '/reports/daily/20250129.pdf'),
    (189, 9, 'PERSONALIZADO', '2027-09-01', '2027-09-30', 72340, 1389, 256, 98, 89.00, 2920, 1789450000.0, '2027-10-01 14:45:30', '/reports/fraud/september_2027.pdf'),
    (190, 14, 'SEMANAL', '2025-07-28', '2025-08-03', 9780, 189, 62, 37, 86.00, 2990, 298760000.0, '2025-08-04 09:50:30', '/reports/weekly/20250803.pdf'),
    (191, 17, 'DIARIO', '2025-01-30', '2025-01-30', 1345, 25, 9, 5, 87.00, 2630, 46780000.25, '2025-01-31 08:45:15', '/reports/daily/20250130.pdf'),
    (192, 27, 'MENSUAL', '2027-11-01', '2027-11-30', 74560, 1456, 278, 123, 89.00, 2950, 2012340000.0, '2027-12-01 11:55:20', '/reports/monthly/november_2027.pdf'),
    (193, 3, 'DIARIO', '2025-01-31', '2025-01-31', 1298, 24, 8, 5, 88.00, 2570, 44560000.5, '2025-02-01 08:40:20', '/reports/daily/20250131.pdf'),
    (194, 5, 'PERSONALIZADO', '2027-10-01', '2027-10-31', 73450, 1423, 267, 112, 88.00, 2940, 1987650000.5, '2027-11-01 15:30:40', '/reports/fraud/october_2027.pdf'),
    (195, 9, 'SEMANAL', '2025-08-04', '2025-08-10', 9340, 176, 51, 30, 87.00, 3080, 289450000.25, '2025-08-11 10:05:25', '/reports/weekly/20250810.pdf'),
    (196, 14, 'DIARIO', '2025-02-01', '2025-02-01', 1367, 26, 9, 6, 88.00, 2610, 47890000.75, '2025-02-02 08:50:40', '/reports/daily/20250201.pdf'),
    (197, 17, 'MENSUAL', '2027-12-01', '2027-12-31', 75670, 1489, 289, 134, 89.00, 2960, 2098760000.0, '2028-01-01 11:40:25', '/reports/monthly/december_2027.pdf'),
    (198, 27, 'DIARIO', '2025-02-02', '2025-02-02', 1256, 23, 7, 4, 87.00, 2520, 43450000.0, '2025-02-03 08:30:15', '/reports/daily/20250202.pdf'),
    (199, 3, 'PERSONALIZADO', '2027-11-01', '2027-11-30', 74560, 1456, 278, 123, 89.00, 2950, 2012340000.0, '2027-12-01 14:45:30', '/reports/fraud/november_2027.pdf'),
    (200, 5, 'SEMANAL', '2025-08-11', '2025-08-17', 9650, 184, 59, 36, 87.00, 3010, 287650000.0, '2025-08-18 09:50:30', '/reports/weekly/20250817.pdf');

INSERT INTO trida.logs_auditoria
    (id_log, id_usuario, tipo_accion, entidad_afectada,
     descripcion, fecha_accion, id_identidad, direccion_ip)
VALUES
    (1, 17, 'LOGIN', 'usuarios_sistemas', 'Inicio de sesión exitoso desde navegador Chrome', '2025-04-09 08:15:22', 17, '181.234.56.78'),
    (2, 5, 'INSERT', 'transacciones', 'Creación de nueva transacción de alto monto', '2025-04-09 09:32:45', 145, '190.24.156.34'),
    (3, 9, 'UPDATE', 'validaciones', 'Actualización de clasificación a Fraude', '2025-04-09 10:05:10', 78, '173.98.35.12'),
    (4, 14, 'LOGIN', 'usuarios_sistemas', 'Inicio de sesión desde dispositivo móvil', '2025-04-09 11:20:33', 14, '114.12.140.63'),
    (5, 27, 'DELETE', 'alertas', 'Eliminación de alerta falsa positiva', '2025-04-09 12:45:50', 23, '175.216.16.8'),
    (6, 3, 'VIEW', 'transacciones', 'Consulta de historial de transacciones del cliente 156', '2025-04-09 13:10:25', 156, '183.214.112.115'),
    (7, 17, 'UPDATE', 'usuarios_sistemas', 'Cambio de estado de usuario a inactivo', '2025-04-09 14:35:40', 8, '135.79.110.246'),
    (8, 5, 'INSERT', 'validaciones', 'Nueva validación de alerta', '2025-04-09 15:50:15', 112, '133.22.235.138'),
    (9, 9, 'LOGIN', 'usuarios_sistemas', 'Inicio de sesión exitoso', '2025-04-09 16:25:30', 9, '173.98.35.12'),
    (10, 14, 'UPDATE', 'transacciones', 'Cambio de estado de transacción a bloqueada', '2025-04-09 17:40:55', 34, '135.232.186.42'),
    (11, 27, 'VIEW', 'logs_auditoria', 'Consulta de logs de auditoría del sistema', '2025-04-09 18:15:20', 1, '109.87.125.42'),
    (12, 3, 'INSERT', 'alertas', 'Generación automática de alerta de riesgo alto', '2025-04-09 19:05:45', 189, '141.28.117.211'),
    (13, 17, 'LOGOUT', 'usuarios_sistemas', 'Cierre de sesión manual', '2025-04-09 20:30:10', 17, '181.234.56.78'),
    (14, 5, 'UPDATE', 'clientes', 'Actualización de información de contacto', '2025-04-09 21:55:35', 78, '190.24.156.34'),
    (15, 9, 'VIEW', 'validaciones', 'Consulta detallada de validaciones', '2025-04-09 22:40:50', 45, '173.98.35.12'),
    (16, 14, 'INSERT', 'transacciones', 'Registro de transacción manual', '2025-04-10 08:25:15', 67, '135.79.110.246'),
    (17, 27, 'UPDATE', 'alertas', 'Cambio de estado de alerta a atendida', '2025-04-10 09:50:40', 156, '175.216.16.8'),
    (18, 3, 'DELETE', 'validaciones', 'Eliminación de validación duplicada', '2025-04-10 11:15:05', 12, '183.214.112.115'),
    (19, 17, 'LOGIN', 'usuarios_sistemas', 'Nuevo inicio de sesión', '2025-04-10 12:40:30', 17, '135.232.186.42'),
    (20, 5, 'VIEW', 'historico_de_ubicacion', 'Consulta de ubicaciones del dispositivo 145', '2025-04-10 14:05:55', 145, '109.87.125.42'),
    (21, 9, 'UPDATE', 'transacciones', 'Modificación de monto por corrección', '2025-04-10 15:30:20', 89, '141.28.117.211'),
    (22, 14, 'INSERT', 'validaciones', 'Nueva validación manual', '2025-04-10 16:55:45', 34, '181.234.56.78'),
    (23, 27, 'LOGOUT', 'usuarios_sistemas', 'Cierre de sesión por inactividad', '2025-04-10 18:20:10', 27, '190.24.156.34'),
    (24, 3, 'VIEW', 'usuarios_sistemas', 'Consulta de lista de usuarios activos', '2025-04-10 19:45:35', 1, '173.98.35.12'),
    (25, 17, 'INSERT', 'alertas', 'Creación de alerta por score de riesgo', '2025-04-10 21:10:50', 78, '135.79.110.246'),
    (26, 5, 'UPDATE', 'logs_auditoria', 'No permitido - Intento de modificación de log', '2025-04-10 22:35:15', 5, '133.22.235.138'),
    (27, 9, 'LOGIN', 'usuarios_sistemas', 'Inicio de sesión desde IP nueva', '2025-04-11 08:50:40', 9, '173.98.35.12'),
    (28, 14, 'DELETE', 'transacciones', 'Eliminación de transacción cancelada', '2025-04-11 10:15:05', 23, '135.232.186.42'),
    (29, 27, 'VIEW', 'validaciones', 'Reporte de validaciones por analista', '2025-04-11 11:40:30', 156, '109.87.125.42'),
    (30, 3, 'UPDATE', 'usuarios_sistemas', 'Cambio de rol a analista de seguridad', '2025-04-11 13:05:55', 8, '141.28.117.211'),
    (31, 17, 'INSERT', 'transacciones', 'Registro de transacción de prueba', '2025-04-11 14:30:20', 112, '181.234.56.78'),
    (32, 5, 'VIEW', 'logs_auditoria', 'Exportación de logs del día', '2025-04-11 15:55:45', 50, '190.24.156.34'),
    (33, 9, 'UPDATE', 'validaciones', 'Cambio de clasificación a Legitimo', '2025-04-11 17:20:10', 67, '173.98.35.12'),
    (34, 14, 'LOGIN', 'usuarios_sistemas', 'Inicio de sesión', '2025-04-11 18:45:35', 14, '135.79.110.246'),
    (35, 27, 'DELETE', 'alertas', 'Limpieza de alertas antiguas', '2025-04-11 20:10:50', 5, '175.216.16.8'),
    (36, 3, 'INSERT', 'validaciones', 'Validación masiva realizada', '2025-04-12 09:35:15', 189, '183.214.112.115'),
    (37, 17, 'UPDATE', 'transacciones', 'Reversión de transacción fraudulenta', '2025-04-12 11:00:40', 34, '135.232.186.42'),
    (38, 5, 'VIEW', 'clientes', 'Consulta de perfil de cliente VIP', '2025-04-12 12:25:05', 156, '109.87.125.42'),
    (39, 9, 'LOGOUT', 'usuarios_sistemas', 'Cierre de sesión', '2025-04-12 13:50:30', 9, '141.28.117.211'),
    (40, 14, 'INSERT', 'alertas', 'Nueva alerta generada por sistema', '2025-04-12 15:15:55', 78, '181.234.56.78'),
    (41, 27, 'UPDATE', 'usuarios_sistemas', 'Reactivación de cuenta de usuario', '2025-04-12 16:40:20', 13, '190.24.156.34'),
    (42, 3, 'VIEW', 'transacciones', 'Búsqueda avanzada de transacciones sospechosas', '2025-04-12 18:05:45', 145, '173.98.35.12'),
    (43, 17, 'INSERT', 'validaciones', 'Validación de alerta crítica', '2025-04-12 19:30:10', 23, '135.79.110.246'),
    (44, 5, 'DELETE', 'logs_auditoria', 'Intento fallido de eliminación de logs', '2025-04-12 21:55:35', 44, '133.22.235.138'),
    (45, 9, 'UPDATE', 'transacciones', 'Cambio de estado a revisada', '2025-04-13 08:20:50', 67, '173.98.35.12'),
    (46, 14, 'LOGIN', 'usuarios_sistemas', 'Acceso al sistema', '2025-04-13 09:45:15', 14, '135.232.186.42'),
    (47, 27, 'VIEW', 'validaciones', 'Reporte mensual de validaciones', '2025-04-13 11:10:40', 112, '109.87.125.42'),
    (48, 3, 'INSERT', 'alertas', 'Alerta por cambio de dispositivo', '2025-04-13 12:35:05', 89, '141.28.117.211'),
    (49, 17, 'UPDATE', 'clientes', 'Actualización de ciudad', '2025-04-13 14:00:30', 45, '181.234.56.78'),
    (50, 5, 'LOGOUT', 'usuarios_sistemas', 'Cierre de sesión', '2025-04-13 15:25:55', 5, '190.24.156.34'),
    (51, 9, 'INSERT', 'transacciones', 'Registro manual de transacción', '2025-04-13 16:50:20', 34, '173.98.35.12'),
    (52, 14, 'VIEW', 'logs_auditoria', 'Consulta de actividad del usuario 17', '2025-04-13 18:15:45', 1, '135.79.110.246'),
    (53, 27, 'UPDATE', 'validaciones', 'Cierre de validación', '2025-04-13 19:40:10', 156, '175.216.16.8'),
    (54, 3, 'DELETE', 'alertas', 'Limpieza de alertas resueltas', '2025-04-14 09:05:35', 5, '183.214.112.115'),
    (55, 17, 'LOGIN', 'usuarios_sistemas', 'Inicio de sesión', '2025-04-14 10:30:50', 17, '135.232.186.42'),
    (56, 5, 'INSERT', 'validaciones', 'Nueva validación', '2025-04-14 11:55:15', 67, '109.87.125.42'),
    (57, 9, 'UPDATE', 'transacciones', 'Ajuste de monto', '2025-04-14 13:20:40', 112, '141.28.117.211'),
    (58, 14, 'VIEW', 'usuarios_sistemas', 'Consulta de roles', '2025-04-14 14:45:05', 1, '181.234.56.78'),
    (59, 27, 'LOGOUT', 'usuarios_sistemas', 'Cierre de sesión', '2025-04-14 16:10:30', 27, '190.24.156.34'),
    (60, 3, 'INSERT', 'alertas', 'Alerta generada automáticamente', '2025-04-14 17:35:55', 189, '173.98.35.12'),
    (61, 17, 'UPDATE', 'validaciones', 'Clasificación finalizada', '2025-04-14 19:00:20', 78, '135.79.110.246'),
    (62, 5, 'VIEW', 'transacciones', 'Reporte de transacciones del mes', '2025-04-14 20:25:45', 145, '133.22.235.138'),
    (63, 9, 'INSERT', 'logs_auditoria', 'Registro automático de acción', '2025-04-15 08:50:10', 50, '173.98.35.12'),
    (64, 14, 'UPDATE', 'usuarios_sistemas', 'Cambio de contraseña', '2025-04-15 10:15:35', 14, '135.232.186.42'),
    (65, 27, 'DELETE', 'validaciones', 'Eliminación de registro antiguo', '2025-04-15 11:40:50', 12, '109.87.125.42'),
    (66, 3, 'LOGIN', 'usuarios_sistemas', 'Acceso al sistema', '2025-04-15 13:05:15', 3, '141.28.117.211'),
    (67, 17, 'INSERT', 'transacciones', 'Nueva transacción registrada', '2025-04-15 14:30:40', 23, '181.234.56.78'),
    (68, 5, 'VIEW', 'alertas', 'Consulta de alertas pendientes', '2025-04-15 15:55:05', 156, '190.24.156.34'),
    (69, 9, 'UPDATE', 'transacciones', 'Cambio de estado', '2025-04-15 17:20:30', 89, '173.98.35.12'),
    (70, 14, 'LOGOUT', 'usuarios_sistemas', 'Cierre de sesión', '2025-04-15 18:45:55', 14, '135.79.110.246'),
    (71, 27, 'INSERT', 'validaciones', 'Validación de alerta', '2025-04-15 20:10:20', 34, '175.216.16.8'),
    (72, 3, 'UPDATE', 'clientes', 'Actualización de email', '2025-04-16 09:35:45', 78, '183.214.112.115'),
    (73, 17, 'VIEW', 'logs_auditoria', 'Consulta general de logs', '2025-04-16 11:00:10', 100, '135.232.186.42'),
    (74, 5, 'INSERT', 'alertas', 'Nueva alerta de riesgo', '2025-04-16 12:25:35', 145, '109.87.125.42'),
    (75, 9, 'UPDATE', 'validaciones', 'Cambio a Legitimo', '2025-04-16 13:50:50', 67, '141.28.117.211'),
    (76, 14, 'DELETE', 'transacciones', 'Cancelación de transacción', '2025-04-16 15:15:15', 112, '181.234.56.78'),
    (77, 27, 'LOGIN', 'usuarios_sistemas', 'Inicio de sesión', '2025-04-16 16:40:40', 27, '190.24.156.34'),
    (78, 3, 'VIEW', 'transacciones', 'Búsqueda por cliente', '2025-04-16 18:05:05', 156, '173.98.35.12'),
    (79, 17, 'UPDATE', 'usuarios_sistemas', 'Asignación de nuevo rol', '2025-04-16 19:30:30', 8, '135.79.110.246'),
    (80, 5, 'INSERT', 'validaciones', 'Validación masiva', '2025-04-16 21:55:55', 189, '133.22.235.138'),
    (81, 9, 'LOGOUT', 'usuarios_sistemas', 'Cierre de sesión', '2025-04-17 08:20:20', 9, '173.98.35.12'),
    (82, 14, 'UPDATE', 'transacciones', 'Aprobación manual', '2025-04-17 09:45:45', 34, '135.232.186.42'),
    (83, 27, 'INSERT', 'alertas', 'Alerta por IP sospechosa', '2025-04-17 11:10:10', 23, '109.87.125.42'),
    (84, 3, 'VIEW', 'validaciones', 'Reporte por analista', '2025-04-17 12:35:35', 145, '141.28.117.211'),
    (85, 17, 'DELETE', 'logs_auditoria', 'Intento de borrado (denegado)', '2025-04-17 14:00:50', 85, '181.234.56.78'),
    (86, 5, 'UPDATE', 'clientes', 'Actualización de teléfono', '2025-04-17 15:25:15', 78, '190.24.156.34'),
    (87, 9, 'INSERT', 'transacciones', 'Registro de pago', '2025-04-17 16:50:40', 67, '173.98.35.12'),
    (88, 14, 'VIEW', 'usuarios_sistemas', 'Consulta de actividad', '2025-04-17 18:15:05', 1, '135.79.110.246'),
    (89, 27, 'UPDATE', 'validaciones', 'Cierre de caso', '2025-04-17 19:40:30', 112, '175.216.16.8'),
    (90, 3, 'LOGIN', 'usuarios_sistemas', 'Inicio de sesión', '2025-04-18 08:55:55', 3, '183.214.112.115'),
    (91, 17, 'INSERT', 'validaciones', 'Validación de transacción', '2025-04-18 10:20:20', 89, '135.232.186.42'),
    (92, 5, 'UPDATE', 'transacciones', 'Reversión solicitada', '2025-04-18 11:45:45', 34, '109.87.125.42'),
    (93, 9, 'DELETE', 'alertas', 'Limpieza de alertas', '2025-04-18 13:10:10', 5, '141.28.117.211'),
    (94, 14, 'VIEW', 'logs_auditoria', 'Auditoría del día', '2025-04-18 14:35:35', 200, '181.234.56.78'),
    (95, 27, 'INSERT', 'alertas', 'Nueva alerta', '2025-04-18 16:00:50', 156, '190.24.156.34'),
    (96, 3, 'UPDATE', 'usuarios_sistemas', 'Cambio de estado', '2025-04-18 17:25:15', 13, '173.98.35.12'),
    (97, 17, 'LOGIN', 'usuarios_sistemas', 'Inicio de sesión', '2025-04-18 18:50:40', 17, '135.79.110.246'),
    (98, 5, 'VIEW', 'transacciones', 'Consulta masiva', '2025-04-18 20:15:05', 145, '133.22.235.138'),
    (99, 9, 'UPDATE', 'validaciones', 'Clasificación actualizada', '2025-04-19 09:40:30', 78, '173.98.35.12'),
    (100, 14, 'INSERT', 'transacciones', 'Nueva transacción', '2025-04-19 11:05:55', 23, '135.232.186.42'),
    (101, 27, 'LOGOUT', 'usuarios_sistemas', 'Cierre de sesión', '2025-04-19 12:30:20', 27, '109.87.125.42'),
    (102, 3, 'INSERT', 'validaciones', 'Validación realizada', '2025-04-19 14:55:45', 67, '141.28.117.211'),
    (103, 17, 'UPDATE', 'alertas', 'Marcada como atendida', '2025-04-19 16:20:10', 189, '181.234.56.78'),
    (104, 5, 'VIEW', 'clientes', 'Consulta de datos sensibles', '2025-04-19 17:45:35', 156, '190.24.156.34'),
    (105, 9, 'DELETE', 'transacciones', 'Eliminación de registro', '2025-04-19 19:10:50', 112, '173.98.35.12'),
    (106, 14, 'INSERT', 'alertas', 'Alerta generada', '2025-04-20 08:35:15', 34, '135.79.110.246'),
    (107, 27, 'UPDATE', 'usuarios_sistemas', 'Actualización de permisos', '2025-04-20 10:00:40', 27, '175.216.16.8'),
    (108, 3, 'VIEW', 'logs_auditoria', 'Reporte de auditoría', '2025-04-20 11:25:05', 150, '183.214.112.115'),
    (109, 17, 'LOGIN', 'usuarios_sistemas', 'Inicio de sesión', '2025-04-20 12:50:30', 17, '135.232.186.42'),
    (110, 5, 'INSERT', 'transacciones', 'Registro nuevo', '2025-04-20 14:15:55', 145, '109.87.125.42'),
    (111, 9, 'UPDATE', 'validaciones', 'Cambio de estatus', '2025-04-20 15:40:20', 23, '141.28.117.211'),
    (112, 14, 'DELETE', 'alertas', 'Limpieza', '2025-04-20 17:05:45', 5, '181.234.56.78'),
    (113, 27, 'VIEW', 'transacciones', 'Consulta detallada', '2025-04-20 18:30:10', 89, '190.24.156.34'),
    (114, 3, 'INSERT', 'validaciones', 'Nueva validación', '2025-04-20 20:55:35', 156, '173.98.35.12'),
    (115, 17, 'UPDATE', 'transacciones', 'Bloqueo de transacción', '2025-04-21 09:20:50', 34, '135.79.110.246'),
    (116, 5, 'LOGIN', 'usuarios_sistemas', 'Inicio de sesión', '2025-04-21 10:45:15', 5, '133.22.235.138'),
    (117, 9, 'VIEW', 'usuarios_sistemas', 'Lista de usuarios', '2025-04-21 12:10:40', 1, '173.98.35.12'),
    (118, 14, 'INSERT', 'alertas', 'Alerta nueva', '2025-04-21 13:35:05', 78, '135.232.186.42'),
    (119, 27, 'UPDATE', 'validaciones', 'Clasificación final', '2025-04-21 15:00:30', 112, '109.87.125.42'),
    (120, 3, 'LOGOUT', 'usuarios_sistemas', 'Cierre de sesión', '2025-04-21 16:25:55', 3, '141.28.117.211'),
    (121, 17, 'INSERT', 'transacciones', 'Nueva transacción', '2025-04-21 18:50:20', 67, '181.234.56.78'),
    (122, 5, 'UPDATE', 'clientes', 'Modificación de datos', '2025-04-21 20:15:45', 156, '190.24.156.34'),
    (123, 9, 'VIEW', 'logs_auditoria', 'Consulta de logs', '2025-04-22 09:40:10', 200, '173.98.35.12'),
    (124, 14, 'DELETE', 'validaciones', 'Eliminación de registro', '2025-04-22 11:05:35', 45, '135.79.110.246'),
    (125, 27, 'INSERT', 'alertas', 'Alerta generada', '2025-04-22 12:30:50', 23, '175.216.16.8'),
    (126, 3, 'UPDATE', 'transacciones', 'Aprobación', '2025-04-22 14:55:15', 89, '183.214.112.115'),
    (127, 17, 'VIEW', 'validaciones', 'Reporte', '2025-04-22 16:20:40', 156, '135.232.186.42'),
    (128, 5, 'LOGIN', 'usuarios_sistemas', 'Inicio de sesión', '2025-04-22 17:45:05', 5, '109.87.125.42'),
    (129, 9, 'UPDATE', 'usuarios_sistemas', 'Cambio de rol', '2025-04-22 19:10:30', 27, '141.28.117.211'),
    (130, 14, 'INSERT', 'validaciones', 'Validación nueva', '2025-04-22 20:35:55', 112, '181.234.56.78'),
    (131, 27, 'DELETE', 'alertas', 'Limpieza', '2025-04-23 09:00:20', 5, '190.24.156.34'),
    (132, 3, 'VIEW', 'transacciones', 'Consulta', '2025-04-23 10:25:45', 145, '173.98.35.12'),
    (133, 17, 'INSERT', 'transacciones', 'Registro', '2025-04-23 11:50:10', 34, '135.79.110.246'),
    (134, 5, 'UPDATE', 'validaciones', 'Cambio de estado', '2025-04-23 13:15:35', 67, '133.22.235.138'),
    (135, 9, 'LOGOUT', 'usuarios_sistemas', 'Cierre', '2025-04-23 14:40:50', 9, '173.98.35.12'),
    (136, 14, 'INSERT', 'alertas', 'Nueva alerta', '2025-04-23 16:05:15', 189, '135.232.186.42'),
    (137, 27, 'VIEW', 'logs_auditoria', 'Consulta', '2025-04-23 17:30:40', 150, '109.87.125.42'),
    (138, 3, 'UPDATE', 'transacciones', 'Modificación', '2025-04-23 19:55:05', 23, '141.28.117.211'),
    (139, 17, 'INSERT', 'validaciones', 'Validación', '2025-04-24 08:20:30', 78, '181.234.56.78'),
    (140, 5, 'DELETE', 'transacciones', 'Eliminación', '2025-04-24 09:45:55', 112, '190.24.156.34'),
    (141, 9, 'VIEW', 'usuarios_sistemas', 'Consulta', '2025-04-24 11:10:20', 1, '173.98.35.12'),
    (142, 14, 'UPDATE', 'alertas', 'Actualización', '2025-04-24 12:35:45', 156, '135.79.110.246'),
    (143, 27, 'INSERT', 'transacciones', 'Nueva transacción', '2025-04-24 14:00:10', 145, '175.216.16.8'),
    (144, 3, 'UPDATE', 'validaciones', 'Cambio', '2025-04-24 15:25:35', 34, '183.214.112.115'),
    (145, 17, 'LOGIN', 'usuarios_sistemas', 'Inicio de sesión', '2025-04-24 16:50:50', 17, '135.232.186.42'),
    (146, 5, 'VIEW', 'transacciones', 'Consulta', '2025-04-24 18:15:15', 67, '109.87.125.42'),
    (147, 9, 'DELETE', 'alertas', 'Limpieza', '2025-04-24 19:40:40', 5, '141.28.117.211'),
    (148, 14, 'INSERT', 'validaciones', 'Nueva validación', '2025-04-24 21:05:05', 189, '181.234.56.78'),
    (149, 27, 'UPDATE', 'usuarios_sistemas', 'Cambio', '2025-04-25 08:30:30', 27, '190.24.156.34'),
    (150, 3, 'VIEW', 'logs_auditoria', 'Consulta', '2025-04-25 10:55:55', 200, '173.98.35.12'),
    (151, 17, 'INSERT', 'alertas', 'Nueva alerta', '2025-04-25 12:20:20', 78, '135.79.110.246'),
    (152, 5, 'UPDATE', 'transacciones', 'Modificación', '2025-04-25 13:45:45', 23, '133.22.235.138'),
    (153, 9, 'DELETE', 'validaciones', 'Eliminación', '2025-04-25 15:10:10', 112, '173.98.35.12'),
    (154, 14, 'LOGIN', 'usuarios_sistemas', 'Inicio de sesión', '2025-04-25 16:35:35', 14, '135.232.186.42'),
    (155, 27, 'VIEW', 'transacciones', 'Consulta', '2025-04-25 18:00:50', 145, '109.87.125.42'),
    (156, 3, 'INSERT', 'validaciones', 'Validación', '2025-04-25 19:25:15', 67, '141.28.117.211'),
    (157, 17, 'UPDATE', 'alertas', 'Actualización', '2025-04-25 20:50:40', 156, '181.234.56.78'),
    (158, 5, 'LOGOUT', 'usuarios_sistemas', 'Cierre', '2025-04-26 08:15:05', 5, '190.24.156.34'),
    (159, 9, 'INSERT', 'transacciones', 'Nueva transacción', '2025-04-26 09:40:30', 34, '173.98.35.12'),
    (160, 14, 'UPDATE', 'validaciones', 'Cambio', '2025-04-26 11:05:55', 89, '135.79.110.246'),
    (161, 27, 'VIEW', 'logs_auditoria', 'Consulta', '2025-04-26 12:30:20', 150, '175.216.16.8'),
    (162, 3, 'DELETE', 'alertas', 'Limpieza', '2025-04-26 14:55:45', 5, '183.214.112.115'),
    (163, 17, 'INSERT', 'validaciones', 'Nueva validación', '2025-04-26 16:20:10', 112, '135.232.186.42'),
    (164, 5, 'UPDATE', 'transacciones', 'Cambio de estado', '2025-04-26 17:45:35', 67, '109.87.125.42'),
    (165, 9, 'LOGIN', 'usuarios_sistemas', 'Inicio de sesión', '2025-04-26 19:10:50', 9, '141.28.117.211'),
    (166, 14, 'VIEW', 'clientes', 'Consulta', '2025-04-26 20:35:15', 156, '181.234.56.78'),
    (167, 27, 'UPDATE', 'usuarios_sistemas', 'Cambio', '2025-04-27 09:00:40', 27, '190.24.156.34'),
    (168, 3, 'INSERT', 'alertas', 'Nueva alerta', '2025-04-27 10:25:05', 23, '173.98.35.12'),
    (169, 17, 'DELETE', 'validaciones', 'Eliminación', '2025-04-27 11:50:30', 45, '135.79.110.246'),
    (170, 5, 'VIEW', 'transacciones', 'Consulta', '2025-04-27 13:15:55', 145, '133.22.235.138'),
    (171, 9, 'UPDATE', 'transacciones', 'Aprobación', '2025-04-27 14:40:20', 34, '173.98.35.12'),
    (172, 14, 'INSERT', 'validaciones', 'Validación', '2025-04-27 16:05:45', 78, '135.232.186.42'),
    (173, 27, 'LOGOUT', 'usuarios_sistemas', 'Cierre', '2025-04-27 17:30:10', 27, '109.87.125.42'),
    (174, 3, 'VIEW', 'alertas', 'Consulta', '2025-04-27 19:55:35', 189, '141.28.117.211'),
    (175, 17, 'INSERT', 'transacciones', 'Nueva transacción', '2025-04-28 08:20:50', 67, '181.234.56.78'),
    (176, 5, 'UPDATE', 'validaciones', 'Cambio', '2025-04-28 09:45:15', 112, '190.24.156.34'),
    (177, 9, 'DELETE', 'alertas', 'Limpieza', '2025-04-28 11:10:40', 5, '173.98.35.12'),
    (178, 14, 'LOGIN', 'usuarios_sistemas', 'Inicio de sesión', '2025-04-28 12:35:05', 14, '135.79.110.246'),
    (179, 27, 'UPDATE', 'transacciones', 'Modificación', '2025-04-28 14:00:30', 23, '175.216.16.8'),
    (180, 3, 'VIEW', 'logs_auditoria', 'Consulta', '2025-04-28 15:25:55', 200, '183.214.112.115'),
    (181, 17, 'INSERT', 'alertas', 'Nueva alerta', '2025-04-28 17:50:20', 156, '135.232.186.42'),
    (182, 5, 'UPDATE', 'usuarios_sistemas', 'Cambio de rol', '2025-04-28 19:15:45', 27, '109.87.125.42'),
    (183, 9, 'VIEW', 'transacciones', 'Consulta', '2025-04-29 08:40:10', 145, '141.28.117.211'),
    (184, 14, 'DELETE', 'validaciones', 'Eliminación', '2025-04-29 10:05:35', 89, '181.234.56.78'),
    (185, 27, 'INSERT', 'validaciones', 'Nueva validación', '2025-04-29 11:30:50', 34, '190.24.156.34'),
    (186, 3, 'UPDATE', 'alertas', 'Actualización', '2025-04-29 13:55:15', 78, '173.98.35.12'),
    (187, 17, 'LOGIN', 'usuarios_sistemas', 'Inicio de sesión', '2025-04-29 15:20:40', 17, '135.79.110.246'),
    (188, 5, 'VIEW', 'clientes', 'Consulta', '2025-04-29 16:45:05', 156, '133.22.235.138'),
    (189, 9, 'UPDATE', 'transacciones', 'Cambio', '2025-04-29 18:10:30', 67, '173.98.35.12'),
    (190, 14, 'LOGOUT', 'usuarios_sistemas', 'Cierre', '2025-04-29 19:35:55', 14, '135.232.186.42'),
    (191, 27, 'INSERT', 'alertas', 'Nueva alerta', '2025-04-30 09:00:20', 189, '109.87.125.42'),
    (192, 3, 'UPDATE', 'validaciones', 'Cambio', '2025-04-30 10:25:45', 112, '141.28.117.211'),
    (193, 17, 'VIEW', 'logs_auditoria', 'Consulta', '2025-04-30 12:50:10', 200, '181.234.56.78'),
    (194, 5, 'INSERT', 'transacciones', 'Nueva transacción', '2025-04-30 14:15:35', 23, '190.24.156.34'),
    (195, 9, 'DELETE', 'alertas', 'Limpieza', '2025-04-30 15:40:50', 5, '173.98.35.12'),
    (196, 14, 'UPDATE', 'usuarios_sistemas', 'Cambio', '2025-04-30 17:05:15', 27, '135.79.110.246'),
    (197, 27, 'LOGIN', 'usuarios_sistemas', 'Inicio de sesión', '2025-04-30 18:30:40', 27, '175.216.16.8'),
    (198, 3, 'VIEW', 'transacciones', 'Consulta', '2025-04-30 20:55:05', 145, '183.214.112.115'),
    (199, 17, 'UPDATE', 'validaciones', 'Cierre', '2025-05-01 09:20:30', 78, '135.232.186.42'),
    (200, 5, 'INSERT', 'logs_auditoria', 'Registro final del día', '2025-05-01 10:45:55', 200, '109.87.125.42');

SELECT setval(pg_get_serial_sequence('trida.clientes', 'id_cliente'), (SELECT MAX(id_cliente) FROM trida.clientes));
SELECT setval(pg_get_serial_sequence('trida.usuarios_sistemas', 'id_usuario'), (SELECT MAX(id_usuario) FROM trida.usuarios_sistemas));
SELECT setval(pg_get_serial_sequence('trida.dispositivos', 'id_dispositivo'), (SELECT MAX(id_dispositivo) FROM trida.dispositivos));
SELECT setval(pg_get_serial_sequence('trida.historico_de_ubicacion', 'id_ubicacion'), (SELECT MAX(id_ubicacion) FROM trida.historico_de_ubicacion));
SELECT setval(pg_get_serial_sequence('trida.transacciones', 'id_transaccion'), (SELECT MAX(id_transaccion) FROM trida.transacciones));
SELECT setval(pg_get_serial_sequence('trida.alertas', 'id_alerta'), (SELECT MAX(id_alerta) FROM trida.alertas));
SELECT setval(pg_get_serial_sequence('trida.validaciones', 'id_validacion'), (SELECT MAX(id_validacion) FROM trida.validaciones));
SELECT setval(pg_get_serial_sequence('trida.reportes', 'id_reporte'), (SELECT MAX(id_reporte) FROM trida.reportes));
SELECT setval(pg_get_serial_sequence('trida.logs_auditoria', 'id_log'), (SELECT MAX(id_log) FROM trida.logs_auditoria));